,id,type,nomor_pb_umku,nama,website,sektor,nama_perusahaan,tanggal_daftar,nomor_tanda_daftar,qr_code,status_id,sistem_elektronik_id
0,9413,tdpseTerbit,,RAGNAROK M: ETERNAL LOVE,sea.ragnaroketernallove.com/id,Sektor Teknologi Informasi dan Komunikasi,"GRAVITY INTERACTIVE, INC.",2022-07-29,006583.01/DJAI.PSE/07/2022,https://pse.kominfo.go.id/storage/images/qr_code/83c82feb8efcd3a612d80915673284d8.png,TERDAFTAR,9323
1,9410,tdpseTerbit,,MICROSOFT BING,bing.com,Sektor Teknologi Informasi dan Komunikasi,MICROSOFT CORPORATION,2022-07-29,006581.01/DJAI.PSE/07/2022,https://pse.kominfo.go.id/storage/images/qr_code/c9c7a300b60082ea25244ea7c1eb92c1.png,TERDAFTAR,9320
2,9386,tdpseTerbit,,BATTLE.NET,battle.net,Sektor Perdagangan,"BLIZZARD ENTERTAINMENT, INC",2022-07-29,006571.01/DJAI.PSE/07/2022,https://pse.kominfo.go.id/storage/images/qr_code/f4be2a141342d9087328153bd2955194.png,TERDAFTAR,9296
3,9366,tdpseTerbit,,KEPO,kepo.life,Sektor Teknologi Informasi dan Komunikasi,Comunitee HK Limited,2022-07-29,006556.01/DJAI.PSE/07/2022,https://pse.kominfo.go.id/storage/images/qr_code/534f1143bcc757999e8735e723526c8e.png,TERDAFTAR,9279
4,9356,tdpseTerbit,,SOFTWARE AG CLOUD,softwareag.cloud,Sektor Teknologi Informasi dan Komunikasi,SOFTWARE AKTIENGESELLSCHAFT,2022-07-29,006551.01/DJAI.PSE/07/2022,https://pse.kominfo.go.id/storage/images/qr_code/aca2152c21161febecbed4ecd3140218.png,TERDAFTAR,9267
5,9341,tdpseTerbit,,MAMBU,mambu.com,Sektor Keuangan,MAMBU ASIA PACIFIC PTE LTD,2022-07-28,006537.01/DJAI.PSE/07/2022,https://pse.kominfo.go.id/storage/images/qr_code/6ef5a19698e497ae957d18957824af36.png,TERDAFTAR,9252
6,9333,tdpseTerbit,,ZEPETO,zepeto.me/,Sektor Teknologi Informasi dan Komunikasi,NAVER Z CORPORATION,2022-07-28,006530.01/DJAI.PSE/07/2022,https://pse.kominfo.go.id/storage/images/qr_code/fd642bf60c64558ed72a034c1f57635c.png,TERDAFTAR,9244
7,9272,tdpseTerbit,,SHOP.VNG.GAMES,shop.vng.games,Sektor Teknologi Informasi dan Komunikasi,VNG SINGAPORE PTE. LTD.,2022-07-28,006500.01/DJAI.PSE/07/2022,https://pse.kominfo.go.id/storage/images/qr_code/31e75a652cc10e79fbe7d7abf054d70c.png,TERDAFTAR,9184
8,9271,tdpseTerbit,,GOSSIP HARBOR,play.google.com/store/apps/details?id=com.mergegames.cookie；https://apps.apple.com/gb/app/gossip-harbor-merge-game/id1623318294,Sektor Teknologi Informasi dan Komunikasi,MICROFUN LIMITED,2022-07-28,006499.04/DJAI.PSE/07/2022,https://pse.kominfo.go.id/storage/images/qr_code/1358dab3b7944243e5d6a31a83d12a4e.png,TERDAFTAR,9183
9,9270,tdpseTerbit,,MERGE COUNTY APP,play.google.com/store/apps/details?id=com.mf.town；https://apps.apple.com/us/app/merge-county/id1586279379,Sektor Teknologi Informasi dan Komunikasi,MICROFUN LIMITED,2022-07-28,006499.03/DJAI.PSE/07/2022,https://pse.kominfo.go.id/storage/images/qr_code/6a9491cec7fe7301ba03dcd4cef17e85.png,TERDAFTAR,9182
10,9269,tdpseTerbit,,MERGE FABLES APP,play.google.com/store/apps/details?id=com.mergegames.myth；https://apps.apple.com/us/app/merge-fables/id1564248355,Sektor Teknologi Informasi dan Komunikasi,MICROFUN LIMITED,2022-07-28,006499.02/DJAI.PSE/07/2022,https://pse.kominfo.go.id/storage/images/qr_code/d8fa8b84b3bf28ad2768c5c3dcaad0ad.png,TERDAFTAR,9181
11,9268,tdpseTerbit,,JELLIPOP MATCH APP,play.google.com/store/apps/details?id=com.jellyblast.cmcm;https://apps.apple.com/us/app/jellipop-match/id1149330452,Sektor Teknologi Informasi dan Komunikasi,MICROFUN LIMITED,2022-07-28,006499.01/DJAI.PSE/07/2022,https://pse.kominfo.go.id/storage/images/qr_code/3499e4064226b4e9ea6481d36421162d.png,TERDAFTAR,9180
12,9267,tdpseTerbit,,WARPATH,warpath.lilith.com,Sektor Teknologi Informasi dan Komunikasi,LILITH NETWORK HK LIMITED,2022-07-28,006498.04/DJAI.PSE/07/2022,https://pse.kominfo.go.id/storage/images/qr_code/2cf4af12f9d4853c2422fa4e37ebd746.png,TERDAFTAR,9179
13,9266,tdpseTerbit,,RISE OF KINGDOMS,roc.lilithgames.com,Sektor Teknologi Informasi dan Komunikasi,LILITH NETWORK HK LIMITED,2022-07-28,006498.03/DJAI.PSE/07/2022,https://pse.kominfo.go.id/storage/images/qr_code/047f974a8f61f08ad999546a5dc75239.png,TERDAFTAR,9178
14,9265,tdpseTerbit,,ART OF CONQUEST,aoc.lilith.com,Sektor Teknologi Informasi dan Komunikasi,LILITH NETWORK HK LIMITED,2022-07-28,006498.02/DJAI.PSE/07/2022,https://pse.kominfo.go.id/storage/images/qr_code/4f266464e62eda7d267bfeb9939bc6a9.png,TERDAFTAR,9177
15,9264,tdpseTerbit,,AFK ARENA,afkarena.lilith.com,Sektor Teknologi Informasi dan Komunikasi,LILITH NETWORK HK LIMITED,2022-07-28,006498.01/DJAI.PSE/07/2022,https://pse.kominfo.go.id/storage/images/qr_code/a7174ccd44b310eef5bc38013f49bb7c.png,TERDAFTAR,9176
16,9263,tdpseTerbit,,LIONSGATE PLAY,lionsgateplay.com,Sektor Teknologi Informasi dan Komunikasi,LIONSGATE PLAY LLP,2022-07-28,006497.01/DJAI.PSE/07/2022,https://pse.kominfo.go.id/storage/images/qr_code/b5531cd9573b3a2f973b6c4456844a8f.png,TERDAFTAR,9175
17,9262,tdpseTerbit,,DISLYTE,dislyte.farlightgames.com,Sektor Teknologi Informasi dan Komunikasi,HU RUI,2022-07-28,006496.02/DJAI.PSE/07/2022,https://pse.kominfo.go.id/storage/images/qr_code/99f837f1704b935f3c203c505c7436b8.png,TERDAFTAR,9174
18,9261,tdpseTerbit,,FARLIGHT 84,farlight84.farlightgames.com,Sektor Teknologi Informasi dan Komunikasi,HU RUI,2022-07-28,006496.01/DJAI.PSE/07/2022,https://pse.kominfo.go.id/storage/images/qr_code/306462d37c57007bf6fdec27d70d4db5.png,TERDAFTAR,9173
19,9260,tdpseTerbit,,CHAMET,ichamet.com,Sektor Teknologi Informasi dan Komunikasi,FULIAO HONG KONG LIMITED,2022-07-28,006495.01/DJAI.PSE/07/2022,https://pse.kominfo.go.id/storage/images/qr_code/f9aaf89007004c2d39fc6b590b449a8b.png,TERDAFTAR,9172
20,9258,tdpseTerbit,,6ESTATES IDP,idp-sea.6estates.com,Sektor Teknologi Informasi dan Komunikasi,6ESTATES PTE. LTD.,2022-07-28,006494.01/DJAI.PSE/07/2022,https://pse.kominfo.go.id/storage/images/qr_code/dcc4eb136aa1e6dc515218cc26ebf57b.png,TERDAFTAR,9170
21,9257,tdpseTerbit,,SEAL LIVE,seallive.app,Sektor Teknologi Informasi dan Komunikasi,PLANET NINE INNOVATION LIMITED,2022-07-28,006492.01/DJAI.PSE/07/2022,https://pse.kominfo.go.id/storage/images/qr_code/9083b19c922268a783da88fc3d8a1a49.png,TERDAFTAR,9169
22,9256,tdpseTerbit,,PARAS.ID,paras.id,Sektor Teknologi Informasi dan Komunikasi,PARAS DIGITAL PTE LTD,2022-07-28,006491.01/DJAI.PSE/07/2022,https://pse.kominfo.go.id/storage/images/qr_code/fdc31f4c2a760741db2ad72bf806c03d.png,TERDAFTAR,9168
23,9255,tdpseTerbit,,LITMATCH,litmatchapp.com/#/,Sektor Teknologi Informasi dan Komunikasi,CONSTRUCT TECHNOLOGY PTE LTD,2022-07-28,006490.01/DJAI.PSE/07/2022,https://pse.kominfo.go.id/storage/images/qr_code/8ce26c5c2098be22f411b8259074f63d.png,TERDAFTAR,9167
24,9254,tdpseTerbit,,TOPFUN,mytopfun.com,Sektor Teknologi Informasi dan Komunikasi,Topfun Domino Qiu Qiu,2022-07-28,006489.02/DJAI.PSE/07/2022,https://pse.kominfo.go.id/storage/images/qr_code/6aedec7a9740ff9b1bd071416f698bd5.png,TERDAFTAR,9166
25,9253,tdpseTerbit,,DOMINO QIU QIU,mytopfun.com,Sektor Teknologi Informasi dan Komunikasi,Topfun Domino Qiu Qiu,2022-07-28,006489.01/DJAI.PSE/07/2022,https://pse.kominfo.go.id/storage/images/qr_code/19b8198efff737adf7cb294204f171a4.png,TERDAFTAR,9165
26,9252,tdpseTerbit,,NARUTO:SLUGFESTX,narutoslugfest.com,Sektor Perdagangan,"HONGKONG YOYOO TECHNOLOGY CO.,LIMITED",2022-07-28,006488.01/DJAI.PSE/07/2022,https://pse.kominfo.go.id/storage/images/qr_code/e4bab0fcd44e8eda46b1297c7a6683c0.png,TERDAFTAR,9164
27,9251,tdpseTerbit,,UKI,uki.booyah.cc/,Sektor Teknologi Informasi dan Komunikasi,QUYUE TECHNOLOGY PTE. LTD.,2022-07-28,006487.01/DJAI.PSE/07/2022,https://pse.kominfo.go.id/storage/images/qr_code/c65bdc3c7a9aa42f99ed4f178f038abd.png,TERDAFTAR,9163
28,9250,tdpseTerbit,,MEETYOU,play.google.com/store/apps/details?id=com.meetyou.intl,Sektor Teknologi Informasi dan Komunikasi,INSPIRATION GROUP HONGKONG LIMITED,2022-07-28,006486.01/DJAI.PSE/07/2022,https://pse.kominfo.go.id/storage/images/qr_code/7442dc2a42adb4ea25e143dd80cdac47.png,TERDAFTAR,9162
29,9249,tdpseTerbit,,APKPURE,apkpure.com,Sektor Teknologi Informasi dan Komunikasi,ELECYBER INTERNATIONAL PTE. LTD.,2022-07-28,006485.01/DJAI.PSE/07/2022,https://pse.kominfo.go.id/storage/images/qr_code/4138aa12b3b35f78f4c073e477956438.png,TERDAFTAR,9161
30,9248,tdpseTerbit,,COUNTER-STRIKE NEXON: STUDIO,store.steampowered.com/app/273110/CounterStrike_Nexon_Zombies,Sektor Teknologi Informasi dan Komunikasi,NEXON KOREA CORPORATION,2022-07-28,006484.09/DJAI.PSE/07/2022,https://pse.kominfo.go.id/storage/images/qr_code/86873e04fc7f1b2b8ee6536c705481e8.png,TERDAFTAR,9160
31,9247,tdpseTerbit,,GODZILLA DEFENSE FORCE,play.google.com/store/apps/details?id=com.nexon.godzilla&hl=en&gl=ES; apps.apple.com/kr/app/godzilla-defense-force/id1445535620?l=en,Sektor Teknologi Informasi dan Komunikasi,NEXON KOREA CORPORATION,2022-07-28,006484.08/DJAI.PSE/07/2022,https://pse.kominfo.go.id/storage/images/qr_code/d10e3f0ddcbc986db63dc99a8663f2c7.png,TERDAFTAR,9159
32,9246,tdpseTerbit,,BNB M,play.google.com/store/apps/details?id=com.nexon.bnb2&hl=en&gl=ES; apps.apple.com/kr/app/bnb-m/id1436939643?l=en,Sektor Teknologi Informasi dan Komunikasi,NEXON KOREA CORPORATION,2022-07-28,006484.07/DJAI.PSE/07/2022,https://pse.kominfo.go.id/storage/images/qr_code/40b05703b5313da17b209dbde1ca012e.png,TERDAFTAR,9158
33,9245,tdpseTerbit,,DARKNESS RISES: ADVENTURE RPG,play.google.com/store/apps/details?id=com.nexon.da3.global&hl=en&gl=ES; apps.apple.com/us/app/darkness-rises-adventure-rpg/id1321309284,Sektor Teknologi Informasi dan Komunikasi,NEXON KOREA CORPORATION,2022-07-28,006484.06/DJAI.PSE/07/2022,https://pse.kominfo.go.id/storage/images/qr_code/fdee1b45337bf75b6422a69fe70afc05.png,TERDAFTAR,9157
34,9244,tdpseTerbit,,V4,play.google.com/store/apps/details?id=com.nexon.v4gb&hl=en&gl=ES; apps.apple.com/us/app/v4/id1501655572,Sektor Teknologi Informasi dan Komunikasi,NEXON KOREA CORPORATION,2022-07-28,006484.05/DJAI.PSE/07/2022,https://pse.kominfo.go.id/storage/images/qr_code/22a177db2086d0c6576b2a5d41d38203.png,TERDAFTAR,9156
35,9243,tdpseTerbit,,KONOSUBA: FANTASTIC DAYS,play.google.com/store/apps/details?id=com.nexon.konosuba&hl=en&gl=ES; apps.apple.com/au/app/konosuba-fantastic-days/id1521793564,Sektor Teknologi Informasi dan Komunikasi,NEXON KOREA CORPORATION,2022-07-28,006484.04/DJAI.PSE/07/2022,https://pse.kominfo.go.id/storage/images/qr_code/622f62ae4880401e456f5c9a75faa047.png,TERDAFTAR,9155
36,9242,tdpseTerbit,,KARTRIDER RUSH+,play.google.com/store/apps/details?id=com.nexon.kart&hl=en&gl=ES; apps.apple.com/us/app/kartrider-rush/id1466736988,Sektor Teknologi Informasi dan Komunikasi,NEXON KOREA CORPORATION,2022-07-28,006484.03/DJAI.PSE/07/2022,https://pse.kominfo.go.id/storage/images/qr_code/90377e40a934931a238d833795dd4c60.png,TERDAFTAR,9154
37,9241,tdpseTerbit,,MAPLESTORY M: FANTASY MMORPG,play.google.com/store/apps/details?id=com.nexon.maplem.global&hl=en&gl=ES; apps.apple.com/us/app/maplestory-m-fantasy-mmorpg/id1290086677,Sektor Teknologi Informasi dan Komunikasi,NEXON KOREA CORPORATION,2022-07-28,006484.02/DJAI.PSE/07/2022,https://pse.kominfo.go.id/storage/images/qr_code/24562d93c55483a0b9630dd8cf32f76b.png,TERDAFTAR,9153
38,9240,tdpseTerbit,,BLUE ARCHIVE,play.google.com/store/apps/details?id=com.nexon.bluearchive&hl=en&gl=ES; apps.apple.com/us/app/blue-archive/id1571873795,Sektor Teknologi Informasi dan Komunikasi,NEXON KOREA CORPORATION,2022-07-28,006484.01/DJAI.PSE/07/2022,https://pse.kominfo.go.id/storage/images/qr_code/f5343c0a5d004ea859d506ff89a6b5ad.png,TERDAFTAR,9152
39,9239,tdpseTerbit,,GEMGALA,igemgala.com,Sektor Teknologi Informasi dan Komunikasi,JUSTAR HK LIMITED,2022-07-28,006483.01/DJAI.PSE/07/2022,https://pse.kominfo.go.id/storage/images/qr_code/f3bb5a5c021dda3f6891e71a3fb331e7.png,TERDAFTAR,9151
40,9237,tdpseTerbit,,PHANTOM BLADE: EXECUTIONERS,s-game.choobest.com,Sektor Teknologi Informasi dan Komunikasi,SOULGAME LIMITED,2022-07-28,006482.01/DJAI.PSE/07/2022,https://pse.kominfo.go.id/storage/images/qr_code/995e95da36bf8ee21d2ce29184682953.png,TERDAFTAR,9149
41,9233,tdpseTerbit,,LINKEDIN CORPORATION,linkedin.com,Sektor Teknologi Informasi dan Komunikasi,LINKEDIN CORPORATION,2022-07-28,006478.01/DJAI.PSE/07/2022,https://pse.kominfo.go.id/storage/images/qr_code/8321a6afcfcd768cebe5231fd64e4a30.png,TERDAFTAR,9145
42,9215,tdpseTerbit,,FCS SOLUTIONS,fcscs.com,Sektor Teknologi Informasi dan Komunikasi,ADRIAN ANAND AMBROSE,2022-07-27,006463.01/DJAI.PSE/07/2022,https://pse.kominfo.go.id/storage/images/qr_code/5e78681af22239b87c61466608b34902.png,TERDAFTAR,9123
43,9212,tdpseTerbit,,YS6 MOBILE VNG,ys6.vnggames.com,Sektor Teknologi Informasi dan Komunikasi,VNG CORPORATION,2022-07-27,006460.01/DJAI.PSE/07/2022,https://pse.kominfo.go.id/storage/images/qr_code/1799dc4b5efef289a9609a761c287754.png,TERDAFTAR,9120
44,9210,tdpseTerbit,,OMI APPLICATION,omi.sg,Sektor Teknologi Informasi dan Komunikasi,WINK TECHNOLOGY PTE. LTD.,2022-07-27,006458.01/DJAI.PSE/07/2022,https://pse.kominfo.go.id/storage/images/qr_code/d8f0fd3f52e30dcd9dd0694db4c8e02d.png,TERDAFTAR,9118
45,9209,tdpseTerbit,,OPPO BROWSER,developers.oppomobile.com,Sektor Teknologi Informasi dan Komunikasi,BRAVO UNICORN PTE. LTD.,2022-07-27,006457.05/DJAI.PSE/07/2022,https://pse.kominfo.go.id/storage/images/qr_code/d73173ff018813c93005c97731c9e986.png,TERDAFTAR,9117
46,9208,tdpseTerbit,,OPPO THEMESTORE,developers.oppomobile.com,Sektor Perdagangan,BRAVO UNICORN PTE. LTD.,2022-07-27,006457.04/DJAI.PSE/07/2022,https://pse.kominfo.go.id/storage/images/qr_code/9b5566dcaf9b9cb06711a4df1316a922.png,TERDAFTAR,9116
47,9207,tdpseTerbit,,HEYTAP CLOUD,cloud.heytap.com,Sektor Teknologi Informasi dan Komunikasi,BRAVO UNICORN PTE. LTD.,2022-07-27,006457.03/DJAI.PSE/07/2022,https://pse.kominfo.go.id/storage/images/qr_code/16e944f809f07d28e35c36ff0e64f6d9.png,TERDAFTAR,9115
48,9206,tdpseTerbit,,OPPO APP MARKET,developers.oppomobile.com,Sektor Teknologi Informasi dan Komunikasi,BRAVO UNICORN PTE. LTD.,2022-07-27,006457.02/DJAI.PSE/07/2022,https://pse.kominfo.go.id/storage/images/qr_code/66e744ffe3b1568fae20c699b790960c.png,TERDAFTAR,9114
49,9205,tdpseTerbit,,OPPO GAME CENTER,developers.oppomobile.com,Sektor Teknologi Informasi dan Komunikasi,BRAVO UNICORN PTE. LTD.,2022-07-27,006457.01/DJAI.PSE/07/2022,https://pse.kominfo.go.id/storage/images/qr_code/aa03b00a01a0b5d18fc9cfe0be948401.png,TERDAFTAR,9113
50,9203,tdpseTerbit,,ALIEXPRESS,aliexpress.com,Sektor Perdagangan,ALIBABA.COM SINGAPORE E-COMMERCE PRIVATE LIMITED,2022-07-27,006456.02/DJAI.PSE/07/2022,https://pse.kominfo.go.id/storage/images/qr_code/b2ebe8bf74f613f5902930a7fc639933.png,TERDAFTAR,9111
51,9202,tdpseTerbit,,ALIBABA.COM,alibaba.com,Sektor Perdagangan,ALIBABA.COM SINGAPORE E-COMMERCE PRIVATE LIMITED,2022-07-27,006456.01/DJAI.PSE/07/2022,https://pse.kominfo.go.id/storage/images/qr_code/f6c7fc80abe8e4ad53d5d8172ce8deda.png,TERDAFTAR,9110
52,9200,tdpseTerbit,,TAOBAO,world.taobao.com,Sektor Perdagangan,"ZHEJIANG TAOBAO NETWORK CO., LTD.",2022-07-27,006454.01/DJAI.PSE/07/2022,https://pse.kominfo.go.id/storage/images/qr_code/169563c68b945429b68fdda2cb70ad36.png,TERDAFTAR,9108
53,9193,tdpseTerbit,,SENTBE,sentbe.com,Sektor Keuangan,SENTBE PTE LTD,2022-07-27,006451.01/DJAI.PSE/07/2022,https://pse.kominfo.go.id/storage/images/qr_code/c4efad6e4228b4a58eff98ecfca7bc23.png,TERDAFTAR,9101
54,9191,tdpseTerbit,,"ELECTRONIC SOUL INTERACTIVE TECHNOLOGY(HONG KONG) CO . ,  LIMITED",coco4game.com,Sektor Teknologi Informasi dan Komunikasi,DIANHUN,2022-07-27,006450.01/DJAI.PSE/07/2022,https://pse.kominfo.go.id/storage/images/qr_code/64388204ae6e6abf9cb7b3c22933e356.png,TERDAFTAR,9099
55,9180,tdpseTerbit,,OPERA NEWS,opera.com,Sektor Teknologi Informasi dan Komunikasi,OPERA NORWAY AS,2022-07-27,006445.06/DJAI.PSE/07/2022,https://pse.kominfo.go.id/storage/images/qr_code/719c3769d1b0b67684f77e9b6c138f88.png,TERDAFTAR,9088
56,9179,tdpseTerbit,,OPERA FOR ANDROID,opera.com,Sektor Teknologi Informasi dan Komunikasi,OPERA NORWAY AS,2022-07-27,006445.05/DJAI.PSE/07/2022,https://pse.kominfo.go.id/storage/images/qr_code/6138199a18ded3dc1660ad7ee752f249.png,TERDAFTAR,9087
57,9178,tdpseTerbit,,OPERA MINI,opera.com,Sektor Teknologi Informasi dan Komunikasi,OPERA NORWAY AS,2022-07-27,006445.04/DJAI.PSE/07/2022,https://pse.kominfo.go.id/storage/images/qr_code/0aaca34ebe8f5e509d8887237b174179.png,TERDAFTAR,9086
58,9177,tdpseTerbit,,OPERA NEWS,opera.com,Sektor Teknologi Informasi dan Komunikasi,OPERA NORWAY AS,2022-07-27,006445.03/DJAI.PSE/07/2022,https://pse.kominfo.go.id/storage/images/qr_code/bf9f1b5bc60987bd287942aaea9800c4.png,TERDAFTAR,9085
59,9176,tdpseTerbit,,OPERA FOR ANDROID,opera.com,Sektor Teknologi Informasi dan Komunikasi,OPERA NORWAY AS,2022-07-27,006445.02/DJAI.PSE/07/2022,https://pse.kominfo.go.id/storage/images/qr_code/db45544dbd03e979bcfbae768082a433.png,TERDAFTAR,9084
60,9175,tdpseTerbit,,OPERA MINI,opera.com,Sektor Teknologi Informasi dan Komunikasi,OPERA NORWAY AS,2022-07-27,006445.01/DJAI.PSE/07/2022,https://pse.kominfo.go.id/storage/images/qr_code/b9583547463788abbe79b2599dba6597.png,TERDAFTAR,9083
61,9166,tdpseTerbit,,EPIC WAR: THRONES 1ST ANNIV.,play.google.com/store/apps/details?id=com.archosaur.jp.sgzgc.gp,Sektor Teknologi Informasi dan Komunikasi,FAMOUSHEART,2022-07-27,006438.02/DJAI.PSE/07/2022,https://pse.kominfo.go.id/storage/images/qr_code/29a3a4f876a768e6fdc00cb2bcafc2de.png,TERDAFTAR,9073
62,9165,tdpseTerbit,,DRAGON RAJA - SEA,play.google.com/store/apps/details?id=com.archosaur.sea.dr.gp,Sektor Teknologi Informasi dan Komunikasi,FAMOUSHEART,2022-07-27,006438.01/DJAI.PSE/07/2022,https://pse.kominfo.go.id/storage/images/qr_code/6e7f3af3b5c9383148e13c0b8cbf3e6e.png,TERDAFTAR,9072
63,9211,tdpseTerbit,,MUMSEA] MU STRONGEST - WEBZEN OFFICIALLY AUTHORIZED,mustrongestsea.vnggames.net,Sektor Teknologi Informasi dan Komunikasi,"VNG SINGAPORE PTE., LTD.",2022-07-27,006431.05/DJAI.PSE/07/2022,https://pse.kominfo.go.id/storage/images/qr_code/3bf87e1846d18f2354237bd1f61bce79.png,TERDAFTAR,9119
64,9150,tdpseTerbit,,PERFECT WORLD VNG: FLY WITH ME,perfectworld.vng.games,Sektor Teknologi Informasi dan Komunikasi,"VNG SINGAPORE PTE., LTD.",2022-07-27,006431.04/DJAI.PSE/07/2022,https://pse.kominfo.go.id/storage/images/qr_code/9d03d75d566483c80898dc7627959653.png,TERDAFTAR,9059
65,9149,tdpseTerbit,,DYNASTY WARRIORS: OVERLORDS,dynastywarriors.vnggames.net,Sektor Teknologi Informasi dan Komunikasi,"VNG SINGAPORE PTE., LTD.",2022-07-27,006431.03/DJAI.PSE/07/2022,https://pse.kominfo.go.id/storage/images/qr_code/5ebc34753dfc1f2aad5f69395a97010a.png,TERDAFTAR,9058
66,9148,tdpseTerbit,,CLOUD SONG: SAGA OF SKYWALKERS,cloudsong.vnggames.com,Sektor Teknologi Informasi dan Komunikasi,"VNG SINGAPORE PTE., LTD.",2022-07-27,006431.02/DJAI.PSE/07/2022,https://pse.kominfo.go.id/storage/images/qr_code/43ca3d290c07f13021b1e7f460844eab.png,TERDAFTAR,9057
67,9147,tdpseTerbit,,HEROES OF CROWN VNG,hoc.vnggames.com,Sektor Teknologi Informasi dan Komunikasi,"VNG SINGAPORE PTE., LTD.",2022-07-27,006431.01/DJAI.PSE/07/2022,https://pse.kominfo.go.id/storage/images/qr_code/666b7af16005b02784ed39457fd21189.png,TERDAFTAR,9056
68,8928,tdpseTerbit,,ROBLOX CORPORATION,roblox.com,Sektor Teknologi Informasi dan Komunikasi,ROBLOX CORPORATION,2022-07-19,006219.01/DJAI.PSE/07/2022,https://pse.kominfo.go.id/storage/images/qr_code/0b2a98dca1d24b3fecc97844ef8c9086.png,TERDAFTAR,8834
69,8770,tdpseTerbit,,MIHCM,mihcm.com,Sektor Teknologi Informasi dan Komunikasi,MIHCM ASIA,2022-07-22,006145.01/DJAI.PSE/07/2022,https://pse.kominfo.go.id/storage/images/qr_code/6bb2851a4a293b0844f1811f3a1a47f0.png,TERDAFTAR,8687
70,9174,tdpseTerbit,,GLONOVEL,play.google.com/store/apps/details?id=com.glonovel.story,Sektor Teknologi Informasi dan Komunikasi,AKURA PTE. LTD.,2022-07-27,006144.03/DJAI.PSE/07/2022,https://pse.kominfo.go.id/storage/images/qr_code/09f1a661351f326aacfa42494af026f7.png,TERDAFTAR,9081
71,9173,tdpseTerbit,,HITNOVEL,play.google.com/store/apps/details?id=com.story.hitnovel,Sektor Teknologi Informasi dan Komunikasi,AKURA PTE. LTD.,2022-07-27,006144.02/DJAI.PSE/07/2022,https://pse.kominfo.go.id/storage/images/qr_code/96b0d38b23f4fecdf29f504c1ce23730.png,TERDAFTAR,9080
72,8769,tdpseTerbit,,KUBACA,play.google.com/store/apps/details?id=com.reader.kubaca,Sektor Teknologi Informasi dan Komunikasi,AKURA PTE. LTD.,2022-07-22,006144.01/DJAI.PSE/07/2022,https://pse.kominfo.go.id/storage/images/qr_code/5cb37184670e054b6224cf7caf0ef553.png,TERDAFTAR,8686
73,8768,tdpseTerbit,,ESKYFUN GAME,forevergamehome.com,Sektor Teknologi Informasi dan Komunikasi,ESKYFUN GAME,2022-07-22,006143.01/DJAI.PSE/07/2022,https://pse.kominfo.go.id/storage/images/qr_code/cefb5eb74575280e346f1f8786f8531c.png,TERDAFTAR,8685
74,8480,tdpseTerbit,,HAMURNI APP,hamurni.com,Sektor Teknologi Informasi dan Komunikasi,WWF-WORLD WIDE FUND FOR NATURE (SINGAPORE) LIMITED,2022-07-21,005941.01/DJAI.PSE/07/2022,https://pse.kominfo.go.id/storage/images/qr_code/f8728d5f5f29164f03337fd96c8decf2.png,TERDAFTAR,8396
75,8775,tdpseTerbit,,MANGADEX - API,api.mangadex.org,Sektor Teknologi Informasi dan Komunikasi,TRISTAN NINE,2022-07-22,005940.03/DJAI.PSE/07/2022,https://pse.kominfo.go.id/storage/images/qr_code/b8e63e11f44cdc5ec0cd0e5d4571584a.png,TERDAFTAR,8692
76,8774,tdpseTerbit,,MANGADEX - CDN,uploads.mangadex.org,Sektor Teknologi Informasi dan Komunikasi,TRISTAN NINE,2022-07-22,005940.02/DJAI.PSE/07/2022,https://pse.kominfo.go.id/storage/images/qr_code/f7d0d1d20d9f81767ea8ebfd578f6edc.png,TERDAFTAR,8691
77,8479,tdpseTerbit,,MANGADEX,mangadex.org,Sektor Perdagangan,TRISTAN NINE,2022-07-21,005940.01/DJAI.PSE/07/2022,https://pse.kominfo.go.id/storage/images/qr_code/afc849abc05e1a925b39bac96a8506fa.png,TERDAFTAR,8395
78,8477,tdpseTerbit,,"MANGODICKS, INC",mangodicks.org,Sektor Teknologi Informasi dan Komunikasi,"MANGODICKS, INC",2022-07-21,005939.01/DJAI.PSE/07/2022,https://pse.kominfo.go.id/storage/images/qr_code/2527f94155c57e2555b24b72b35ff17c.png,TERDAFTAR,8394
79,8476,tdpseTerbit,,HIGGS SLOT-DOMINO GAPLE QIUQIU,play.google.com/store/apps/details?id=com.big.hsidn,Sektor Teknologi Informasi dan Komunikasi,"B.I.G TECHNOLOGY CO., LIMITED",2022-07-21,005938.03/DJAI.PSE/07/2022,https://pse.kominfo.go.id/storage/images/qr_code/42d77edf36659783552207b358b799a9.png,TERDAFTAR,8393
80,8475,tdpseTerbit,,LUDO DREAM,play.google.com/store/apps/details?id=com.neptune.ludo,Sektor Teknologi Informasi dan Komunikasi,"B.I.G TECHNOLOGY CO., LIMITED",2022-07-21,005938.02/DJAI.PSE/07/2022,https://pse.kominfo.go.id/storage/images/qr_code/e454d5a3b64b4dcf357073e705c07b7f.png,TERDAFTAR,8392
81,8474,tdpseTerbit,,HIGGS DOMINO ISLAND,play.google.com/store/apps/details?id=com.neptune.domino; www.topbos.com; apps.apple.com/id/app/higgs-domino-gaple-qiu-qiu/id1456356688,Sektor Teknologi Informasi dan Komunikasi,"B.I.G TECHNOLOGY CO., LIMITED",2022-07-21,005938.01/DJAI.PSE/07/2022,https://pse.kominfo.go.id/storage/images/qr_code/4a693735dab45443acb212fad141df86.png,TERDAFTAR,8391
82,8473,tdpseTerbit,,VIVO GAME CENTER,pay.vivoglobal.com,Sektor Teknologi Informasi dan Komunikasi,"VIVO MOBILE COMMUNICATION CO., LTD.",2022-07-21,005937.18/DJAI.PSE/07/2022,https://pse.kominfo.go.id/storage/images/qr_code/92cf381fe86841663da52e6b362f9be2.png,TERDAFTAR,8389
83,8472,tdpseTerbit,,VIVO GAME CENTER,asia-gamecenter.vivoglobal.com,Sektor Teknologi Informasi dan Komunikasi,"VIVO MOBILE COMMUNICATION CO., LTD.",2022-07-21,005937.17/DJAI.PSE/07/2022,https://pse.kominfo.go.id/storage/images/qr_code/1c87ae9382bb1ea2624b4711eee18a9c.png,TERDAFTAR,8388
84,8471,tdpseTerbit,,VIVO OFFICIAL E-STORE,shop.vivo.com/id/,Sektor Teknologi Informasi dan Komunikasi,"VIVO MOBILE COMMUNICATION CO., LTD.",2022-07-21,005937.16/DJAI.PSE/07/2022,https://pse.kominfo.go.id/storage/images/qr_code/853dd7816064b6ed5713f335db041115.png,TERDAFTAR,8387
85,8470,tdpseTerbit,,VIVO GAME CENTER,in-gamecenter.vivoglobal.com,Sektor Teknologi Informasi dan Komunikasi,"VIVO MOBILE COMMUNICATION CO., LTD.",2022-07-21,005937.15/DJAI.PSE/07/2022,https://pse.kominfo.go.id/storage/images/qr_code/9b4e32bd9ffa9b4445ce544ce585675c.png,TERDAFTAR,8386
86,8469,tdpseTerbit,,VIVO.COM OFFICIAL WEBSITE,vivo.com/id/,Sektor Teknologi Informasi dan Komunikasi,"VIVO MOBILE COMMUNICATION CO., LTD.",2022-07-21,005937.14/DJAI.PSE/07/2022,https://pse.kominfo.go.id/storage/images/qr_code/17b6085d8a4a148f37429448ddf7680e.png,TERDAFTAR,8385
87,8468,tdpseTerbit,,VIVO GAME CENTER,payglobal.vivo.com,Sektor Teknologi Informasi dan Komunikasi,"VIVO MOBILE COMMUNICATION CO., LTD.",2022-07-21,005937.13/DJAI.PSE/07/2022,https://pse.kominfo.go.id/storage/images/qr_code/5c858afd02b3bfce41797fa9c4adda2d.png,TERDAFTAR,8384
88,8467,tdpseTerbit,,VIVO BROWSER,asia-browser.vivoglobal.com,Sektor Teknologi Informasi dan Komunikasi,"VIVO MOBILE COMMUNICATION CO., LTD.",2022-07-21,005937.12/DJAI.PSE/07/2022,https://pse.kominfo.go.id/storage/images/qr_code/00cf3cdbbb1a3aba2ddd8df8219a00a8.png,TERDAFTAR,8383
89,8466,tdpseTerbit,,VIVO BROWSER,asia-browser.vivoglobal.com,Sektor Teknologi Informasi dan Komunikasi,"VIVO MOBILE COMMUNICATION CO., LTD.",2022-07-21,005937.11/DJAI.PSE/07/2022,https://pse.kominfo.go.id/storage/images/qr_code/b4cd63fbf4f446698a8959a5b522624d.png,TERDAFTAR,8382
90,8465,tdpseTerbit,,VIVO.COM APPLICATION,asia-expweb.vivo.com,Sektor Teknologi Informasi dan Komunikasi,"VIVO MOBILE COMMUNICATION CO., LTD.",2022-07-21,005937.10/DJAI.PSE/07/2022,https://pse.kominfo.go.id/storage/images/qr_code/329505453599e208d8464e70b8007f69.png,TERDAFTAR,8381
91,8464,tdpseTerbit,,VIVO.COM OFFICIAL WEBSITE,vivo.com/id/,Sektor Teknologi Informasi dan Komunikasi,"VIVO MOBILE COMMUNICATION CO., LTD.",2022-07-21,005937.09/DJAI.PSE/07/2022,https://pse.kominfo.go.id/storage/images/qr_code/e0ffe9d55c903dcbf267d1da12831839.png,TERDAFTAR,8380
92,8463,tdpseTerbit,,VIVO GAME CENTER,in-gamecenter.vivoglobal.com,Sektor Teknologi Informasi dan Komunikasi,"VIVO MOBILE COMMUNICATION CO., LTD.",2022-07-21,005937.08/DJAI.PSE/07/2022,https://pse.kominfo.go.id/storage/images/qr_code/40e220bb7756a28aa055e6e4b5d3c3f1.png,TERDAFTAR,8379
93,8462,tdpseTerbit,,VIVO GAME CENTER,payglobal.vivo.com,Sektor Teknologi Informasi dan Komunikasi,"VIVO MOBILE COMMUNICATION CO., LTD.",2022-07-21,005937.07/DJAI.PSE/07/2022,https://pse.kominfo.go.id/storage/images/qr_code/b8a74bd67d9793c5fc14d629ac559043.png,TERDAFTAR,8378
94,8461,tdpseTerbit,,VIVO GAME CENTER,asia-gamecenter.vivoglobal.com,Sektor Teknologi Informasi dan Komunikasi,"VIVO MOBILE COMMUNICATION CO., LTD.",2022-07-21,005937.06/DJAI.PSE/07/2022,https://pse.kominfo.go.id/storage/images/qr_code/e2e8a29d1411cfdb69e1c40c02fa0be8.png,TERDAFTAR,8377
95,8460,tdpseTerbit,,VIVO GAME CENTER,pay.vivoglobal.com,Sektor Teknologi Informasi dan Komunikasi,"VIVO MOBILE COMMUNICATION CO., LTD.",2022-07-21,005937.05/DJAI.PSE/07/2022,https://pse.kominfo.go.id/storage/images/qr_code/62bb078425a3103ef3b1e6a20036d75e.png,TERDAFTAR,8376
96,8459,tdpseTerbit,,VIVO BROWSER,asia-browser.vivoglobal.com,Sektor Teknologi Informasi dan Komunikasi,"VIVO MOBILE COMMUNICATION CO., LTD.",2022-07-21,005937.04/DJAI.PSE/07/2022,https://pse.kominfo.go.id/storage/images/qr_code/c18f9767e35695297bf9897455dddd75.png,TERDAFTAR,8375
97,8458,tdpseTerbit,,VIVO BROWSER,asia-browser.vivoglobal.com,Sektor Teknologi Informasi dan Komunikasi,"VIVO MOBILE COMMUNICATION CO., LTD.",2022-07-21,005937.03/DJAI.PSE/07/2022,https://pse.kominfo.go.id/storage/images/qr_code/39531d017a0d46e695c06aad536f9d5c.png,TERDAFTAR,8374
98,8457,tdpseTerbit,,VIVO.COM APPLICATION,asia-expweb.vivo.com,Sektor Teknologi Informasi dan Komunikasi,"VIVO MOBILE COMMUNICATION CO., LTD.",2022-07-21,005937.02/DJAI.PSE/07/2022,https://pse.kominfo.go.id/storage/images/qr_code/d0a139ed86aa785d7c9643cb5a48c1fe.png,TERDAFTAR,8373
99,8456,tdpseTerbit,,SHOP.VIVO.COM,shop.vivo.com/id/,Sektor Teknologi Informasi dan Komunikasi,"VIVO MOBILE COMMUNICATION CO., LTD.",2022-07-21,005937.01/DJAI.PSE/07/2022,https://pse.kominfo.go.id/storage/images/qr_code/3f8a482ab77bb48a8309263609a5b218.png,TERDAFTAR,8372
100,8279,tdpseTerbit,,XSHOT,winnerinter.co.id,Sektor Teknologi Informasi dan Komunikasi,PT  Winner Interactive,2022-07-20,005837.01/DJAI.PSE/07/2022,https://pse.kominfo.go.id/storage/images/qr_code/3e6453dc1960a7e2ca3324df7127f2af.png,TERDAFTAR,8198
101,8278,tdpseTerbit,,HELLO SEHAT,hellosehat.com,Sektor Teknologi Informasi dan Komunikasi,HELLO HEALTH GROUP PTE LTD,2022-07-20,005836.01/DJAI.PSE/07/2022,https://pse.kominfo.go.id/storage/images/qr_code/0144fdc7836a75bdb0fe95fceee69efe.png,TERDAFTAR,8195
102,8277,tdpseTerbit,,SNAPCHAT,snapchat.com,Sektor Teknologi Informasi dan Komunikasi,SNAPCHAT INC.,2022-07-20,005835.01/DJAI.PSE/07/2022,https://pse.kominfo.go.id/storage/images/qr_code/1dda1942bd83a241b8a55f6830b9d234.png,TERDAFTAR,8194
103,8275,tdpseTerbit,,TWITTER,twitter.com,Sektor Teknologi Informasi dan Komunikasi,TWITTER INC,2022-07-20,005834.01/DJAI.PSE/07/2022,https://pse.kominfo.go.id/storage/images/qr_code/546470b8ee206670ee43b48c902cc086.png,TERDAFTAR,8193
104,8274,tdpseTerbit,,LINE GAMES,line.me/en/?game#allProduct,Sektor Teknologi Informasi dan Komunikasi,LINE CORPORATION,2022-07-20,005833.05/DJAI.PSE/07/2022,https://pse.kominfo.go.id/storage/images/qr_code/12001a7c7e123efb69f10008f9eb597b.png,TERDAFTAR,8192
105,8273,tdpseTerbit,,LINE STORE,store.line.me/home/id,Sektor Perdagangan,LINE CORPORATION,2022-07-20,005833.04/DJAI.PSE/07/2022,https://pse.kominfo.go.id/storage/images/qr_code/38fd023e0cb5e468163647d6e056c0b8.png,TERDAFTAR,8191
106,8272,tdpseTerbit,,WEBTOON,webtoons.com/id,Sektor Teknologi Informasi dan Komunikasi,LINE CORPORATION,2022-07-20,005833.03/DJAI.PSE/07/2022,https://pse.kominfo.go.id/storage/images/qr_code/84d4c780c66ccb42ab118541ed3a87c7.png,TERDAFTAR,8190
107,8271,tdpseTerbit,,LINE MESSENGER,line.me/id/,Sektor Teknologi Informasi dan Komunikasi,LINE CORPORATION,2022-07-20,005833.02/DJAI.PSE/07/2022,https://pse.kominfo.go.id/storage/images/qr_code/0d3b6e57ad5c7b45bf9ed45025955d8e.png,TERDAFTAR,8189
108,8270,tdpseTerbit,,LINE,line.me/id/,Sektor Teknologi Informasi dan Komunikasi,LINE CORPORATION,2022-07-20,005833.01/DJAI.PSE/07/2022,https://pse.kominfo.go.id/storage/images/qr_code/64c7f7f5447cf71afbc5178408195602.png,TERDAFTAR,8188
109,8268,tdpseTerbit,,AUK INDUSTRIES,auk.industries,Sektor Teknologi Informasi dan Komunikasi,AUK INDUSTRIES PTE. LTD.,2022-07-20,005832.02/DJAI.PSE/07/2022,https://pse.kominfo.go.id/storage/images/qr_code/7bb80ab335d55b5085a78e5a27f39d26.png,TERDAFTAR,8186
110,8267,tdpseTerbit,,AUK INDUSTRIES SYSTEM,ops.auk.industries,Sektor Teknologi Informasi dan Komunikasi,AUK INDUSTRIES PTE. LTD.,2022-07-20,005832.01/DJAI.PSE/07/2022,https://pse.kominfo.go.id/storage/images/qr_code/850102da6fda5f114849ba6f7d573806.png,TERDAFTAR,8185
111,8266,tdpseTerbit,,PARTYING,partying.sg,Sektor Perdagangan,OLA PARTY PTE. LTD.,2022-07-20,005831.01/DJAI.PSE/07/2022,https://pse.kominfo.go.id/storage/images/qr_code/8216d4b5053132b9a3f50ea521d58314.png,TERDAFTAR,8184
112,8262,tdpseTerbit,,IDLE MONSTER GO,mjhw.hnmaiji.com,Sektor Perdagangan,"GUANGZHOU MAIJI INFORMATION TECHNOLOGY CO.,LTD",2022-07-20,005830.01/DJAI.PSE/07/2022,https://pse.kominfo.go.id/storage/images/qr_code/967ccbc23a85e26af0e69d2450bf86da.png,TERDAFTAR,8179
113,8261,tdpseTerbit,,TENSURA: KING OF MONSTERS,global.wdyxgames.com,Sektor Teknologi Informasi dan Komunikasi,HOOLAIGAME,2022-07-20,005829.04/DJAI.PSE/07/2022,https://pse.kominfo.go.id/storage/images/qr_code/f89cabbf1a2f3dfb91c73902135ecfbb.png,TERDAFTAR,8178
114,8260,tdpseTerbit,,FUTURE FOOTBALL MANAGER,global.wdyxgames.com,Sektor Teknologi Informasi dan Komunikasi,HOOLAIGAME,2022-07-20,005829.03/DJAI.PSE/07/2022,https://pse.kominfo.go.id/storage/images/qr_code/b839791ed4451474d292d8c4ed7eafdd.png,TERDAFTAR,8177
115,8259,tdpseTerbit,,ULTIMATE FOOTBALL CLUB,hoolaigames.com,Sektor Teknologi Informasi dan Komunikasi,HOOLAIGAME,2022-07-20,005829.02/DJAI.PSE/07/2022,https://pse.kominfo.go.id/storage/images/qr_code/78e12b8eab38d5edfdae53026c196fec.png,TERDAFTAR,8176
116,8258,tdpseTerbit,,CHAMPIONS MANAGER MOBASAKA,hoolaigames.com,Sektor Teknologi Informasi dan Komunikasi,HOOLAIGAME,2022-07-20,005829.01/DJAI.PSE/07/2022,https://pse.kominfo.go.id/storage/images/qr_code/b4acbfccadab8e0b4daa4204bb6fc67b.png,TERDAFTAR,8175
117,8257,tdpseTerbit,,AUTO CHESS,zizouqi.com,Sektor Teknologi Informasi dan Komunikasi,Long Entertainment Company Limited,2022-07-20,005828.01/DJAI.PSE/07/2022,https://pse.kominfo.go.id/storage/images/qr_code/387a767af07fc330d772ea85580c6bcb.png,TERDAFTAR,8174
118,9411,tdpseTerbit,,VOOV,voovmeeting.com/index.html,Sektor Teknologi Informasi dan Komunikasi,ACEVILLE PTE. LTD.,2022-07-29,005825.02/DJAI.PSE/07/2022,https://pse.kominfo.go.id/storage/images/qr_code/06e432f95de3ffa2f63f5e8004e87c8c.png,TERDAFTAR,9321
119,8253,tdpseTerbit,,TENCENT CLOUD INTERNATIONAL,tencentcloud.com/?lang=en&pg=,Sektor Teknologi Informasi dan Komunikasi,ACEVILLE PTE. LTD.,2022-07-20,005825.01/DJAI.PSE/07/2022,https://pse.kominfo.go.id/storage/images/qr_code/97354cfa78c28b4fd2958393b4fd1fc6.png,TERDAFTAR,8173
120,8252,tdpseTerbit,,PUBG: BATTLEGROUNDS,krafton.com/en/,Sektor Teknologi Informasi dan Komunikasi,"KRAFTON, INC.",2022-07-20,005823.02/DJAI.PSE/07/2022,https://pse.kominfo.go.id/storage/images/qr_code/c5cd17a2cc615d88bac855292f1a54ff.png,TERDAFTAR,8171
121,8251,tdpseTerbit,,NEW STATE MOBILE,krafton.com/en/,Sektor Teknologi Informasi dan Komunikasi,"KRAFTON, INC.",2022-07-20,005823.01/DJAI.PSE/07/2022,https://pse.kominfo.go.id/storage/images/qr_code/86e4d574cbd7ae297dba5959b110c171.png,TERDAFTAR,8170
122,8250,tdpseTerbit,,GAMELOOP,gameloop.com/id/,Sektor Teknologi Informasi dan Komunikasi,HONG KONG GATHERING MEDIA LIMITED,2022-07-20,005821.01/DJAI.PSE/07/2022,https://pse.kominfo.go.id/storage/images/qr_code/dac1bbe0ca1b8e40d2ba8ec41b52df64.png,TERDAFTAR,8169
123,8247,tdpseTerbit,,WETV,wetv.vip/id,Sektor Teknologi Informasi dan Komunikasi,IMAGE FUTURE INVESTMENT (HK) LIMITED,2022-07-20,005819.01/DJAI.PSE/07/2022,https://pse.kominfo.go.id/storage/images/qr_code/7a6029b02bbc61b42752aabd2079245c.png,TERDAFTAR,8165
124,8246,tdpseTerbit,,LINGOACE,lingoace.com/id/,Sektor Teknologi Informasi dan Komunikasi,PPLINGO PTE LTD,2022-07-20,005818.01/DJAI.PSE/07/2022,https://pse.kominfo.go.id/storage/images/qr_code/cd2ca54a43135302c94d28da1c152446.png,TERDAFTAR,8164
125,8245,tdpseTerbit,,REVIVED WITCH,play.google.com/store/apps/details?id=com.YoStarEN.RevivedWitch&hl=en&gl=US;apps.apple.com/us/app/revived-witch/id1554968811,Sektor Teknologi Informasi dan Komunikasi,YOSTAR (HONGKONG) LIMITED,2022-07-20,005817.04/DJAI.PSE/07/2022,https://pse.kominfo.go.id/storage/images/qr_code/4519bb8e6c4d01b6e5fc73773b6dad4f.png,TERDAFTAR,8163
126,8244,tdpseTerbit,,ARKNIGHTS,play.google.com/store/apps/details?id=com.YoStarEN.Arknights;apps.apple.com/us/app/id1464872022?mt=8,Sektor Teknologi Informasi dan Komunikasi,YOSTAR (HONGKONG) LIMITED,2022-07-20,005817.03/DJAI.PSE/07/2022,https://pse.kominfo.go.id/storage/images/qr_code/72d0517c8b470cf00c835096be32c5a2.png,TERDAFTAR,8162
127,8243,tdpseTerbit,,MAHJONG SOUL,play.google.com/store/apps/details?id=com.YoStarEN.MahjongSoul;apps.apple.com/us/app/id1464872167,Sektor Teknologi Informasi dan Komunikasi,YOSTAR (HONGKONG) LIMITED,2022-07-20,005817.02/DJAI.PSE/07/2022,https://pse.kominfo.go.id/storage/images/qr_code/ce7e16bfdef42b5a7698702e8da11f7a.png,TERDAFTAR,8161
128,8242,tdpseTerbit,,AZUR LANE,play.google.com/store/apps/details?id=com.YoStarEN.AzurLane;apps.apple.com/us/app/azur-lane/id1411126549?l=zh&ls=1,Sektor Teknologi Informasi dan Komunikasi,YOSTAR (HONGKONG) LIMITED,2022-07-20,005817.01/DJAI.PSE/07/2022,https://pse.kominfo.go.id/storage/images/qr_code/e442a3308e52b4414a18ca93a33f0cc3.png,TERDAFTAR,8160
129,8240,tdpseTerbit,,LEAGUE OF LEGENDS: WILD RIFT,wildrift.leagueoflegends.com/id-id/,Sektor Teknologi Informasi dan Komunikasi,RIOT GAMES SERVICES PTE. LTD.,2022-07-20,005816.03/DJAI.PSE/07/2022,https://pse.kominfo.go.id/storage/images/qr_code/25e85702b45b773149d92439775b9406.png,TERDAFTAR,8159
130,8239,tdpseTerbit,,VALORANT,playvalorant.com/id-id/,Sektor Teknologi Informasi dan Komunikasi,RIOT GAMES SERVICES PTE. LTD.,2022-07-20,005816.02/DJAI.PSE/07/2022,https://pse.kominfo.go.id/storage/images/qr_code/e9ae6bc3d7c62e1861d52d861873f2d8.png,TERDAFTAR,8158
131,8238,tdpseTerbit,,LEGENDS OF RUNETERRA,playruneterra.com/en-us/,Sektor Teknologi Informasi dan Komunikasi,RIOT GAMES SERVICES PTE. LTD.,2022-07-20,005816.01/DJAI.PSE/07/2022,https://pse.kominfo.go.id/storage/images/qr_code/57e6168b7eab80b166d68f7e255ab874.png,TERDAFTAR,8157
132,8236,tdpseTerbit,,LUDIGAMES,play.ludigames.com,Sektor Teknologi Informasi dan Komunikasi,LUDIGAMES,2022-07-20,005815.01/DJAI.PSE/07/2022,https://pse.kominfo.go.id/storage/images/qr_code/bf3b777cc4606b15c68869f50e9bc2cf.png,TERDAFTAR,8155
133,8235,tdpseTerbit,,RAZER GOLD,gold.razer.com,Sektor Perdagangan,RAZER ONLINE PTE LTD,2022-07-20,005814.01/DJAI.PSE/07/2022,https://pse.kominfo.go.id/storage/images/qr_code/af3749326205849ee64836fbd87296f7.png,TERDAFTAR,8153
134,8234,tdpseTerbit,,WECHAT,play.google.com/store/apps/details?id=com. tencent.mm&hl=in&gl=US,Sektor Teknologi Informasi dan Komunikasi,WECHAT INTERNATIONAL PTE. LTD.,2022-07-20,005813.01/DJAI.PSE/07/2022,https://pse.kominfo.go.id/storage/images/qr_code/ba9dee67f018fc9c34671c0a7ce9ebfe.png,TERDAFTAR,8152
135,8232,tdpseTerbit,,RICHTHINKER,com.bcacrfzx.richthinker,Sektor Teknologi Informasi dan Komunikasi,YANHAIGE2022,2022-07-20,005811.01/DJAI.PSE/07/2022,https://pse.kominfo.go.id/storage/images/qr_code/13604fda5c4ad109f652b8e91c53aec1.png,TERDAFTAR,8151
136,8231,tdpseTerbit,,TINDER,tinder.com,Sektor Teknologi Informasi dan Komunikasi,"MATCH GROUP, LLC.",2022-07-20,005810.01/DJAI.PSE/07/2022,https://pse.kominfo.go.id/storage/images/qr_code/99cb855d896038bc22208cd579c8a921.png,TERDAFTAR,8150
137,8230,tdpseTerbit,,Z DAY: HEARTS OF HEROES,play.google.com/store/apps/details?id=com.kingsgroup.ww2; apps.apple.com/us/app/z-day-hearts-of-heroes/id1374225046,Sektor Teknologi Informasi dan Komunikasi,FUNPLUS INTERNATIONAL AG,2022-07-20,005809.05/DJAI.PSE/07/2022,https://pse.kominfo.go.id/storage/images/qr_code/0a790b5bd63d27d40f0b501458655123.png,TERDAFTAR,8148
138,8229,tdpseTerbit,,CALL OF ANTIA: MATCH 3 RPG,callofantia.com/; play.google.com/store/apps/details?id=com.funplus.coa,Sektor Teknologi Informasi dan Komunikasi,FUNPLUS INTERNATIONAL AG,2022-07-20,005809.04/DJAI.PSE/07/2022,https://pse.kominfo.go.id/storage/images/qr_code/4dbad45656c450219547a635c2dc6061.png,TERDAFTAR,8147
139,8228,tdpseTerbit,,GUNS OF GLORY,gog.kingsgroupgames.com/; play.google.com/store/apps/details?id=com.diandian.gog,Sektor Teknologi Informasi dan Komunikasi,FUNPLUS INTERNATIONAL AG,2022-07-20,005809.03/DJAI.PSE/07/2022,https://pse.kominfo.go.id/storage/images/qr_code/d95233b24342a89ca8471950ba8365eb.png,TERDAFTAR,8146
140,8227,tdpseTerbit,,ES DAN API: KING OF AVALON,koa.kingsgroupgames.com/; play.google.com/store/apps/details?id=com.funplus.kingofavalon,Sektor Teknologi Informasi dan Komunikasi,FUNPLUS INTERNATIONAL AG,2022-07-20,005809.02/DJAI.PSE/07/2022,https://pse.kominfo.go.id/storage/images/qr_code/5eb0037470fcb9f711f55a7d6309a0c7.png,TERDAFTAR,8145
141,8226,tdpseTerbit,,STATE OF SURVIVAL,sos.kingsgroupgames.com; play.google.com/store/apps/details?id=com.kingsgroup.sos,Sektor Teknologi Informasi dan Komunikasi,FUNPLUS INTERNATIONAL AG,2022-07-20,005809.01/DJAI.PSE/07/2022,https://pse.kominfo.go.id/storage/images/qr_code/1c29495b119444f0a415a64b232549c3.png,TERDAFTAR,8144
142,8224,tdpseTerbit,,MVP DOMINO,play.google.com/store/apps/details?id=com.ipoker.domino&hl=en&gl=US,Sektor Teknologi Informasi dan Komunikasi,"SHENZHEN ULOVE CREATIVE TECHNOLOGY CO., LTD",2022-07-20,005808.05/DJAI.PSE/07/2022,https://pse.kominfo.go.id/storage/images/qr_code/28722932f48da4a28c21599f2d5d85f7.png,TERDAFTAR,8143
143,8223,tdpseTerbit,,POP GAPLE,play.google.com/store/apps/details?id=com.popgames.gaple,Sektor Teknologi Informasi dan Komunikasi,"SHENZHEN ULOVE CREATIVE TECHNOLOGY CO., LTD",2022-07-20,005808.04/DJAI.PSE/07/2022,https://pse.kominfo.go.id/storage/images/qr_code/ef320b6de376fd4c47a655783a1ca5aa.png,TERDAFTAR,8142
144,8222,tdpseTerbit,,POP POKER,play.google.com/store/apps/details?id=com.seagames.texas&hl=en&gl=US,Sektor Teknologi Informasi dan Komunikasi,"SHENZHEN ULOVE CREATIVE TECHNOLOGY CO., LTD",2022-07-20,005808.03/DJAI.PSE/07/2022,https://pse.kominfo.go.id/storage/images/qr_code/e02b9dfbf10bfe55c83908216b348470.png,TERDAFTAR,8141
145,8221,tdpseTerbit,,POP DOMINO,play.google.com/store/apps/details?id=com.seagames.dominoqq&hl=en&gl=US,Sektor Teknologi Informasi dan Komunikasi,"SHENZHEN ULOVE CREATIVE TECHNOLOGY CO., LTD",2022-07-20,005808.02/DJAI.PSE/07/2022,https://pse.kominfo.go.id/storage/images/qr_code/f0c468b29feaabbbe8ca2e3234433efd.png,TERDAFTAR,8140
146,8220,tdpseTerbit,,POP BIG2,play.google.com/store/apps/details?id=com.seagames.big2,Sektor Teknologi Informasi dan Komunikasi,"SHENZHEN ULOVE CREATIVE TECHNOLOGY CO., LTD",2022-07-20,005808.01/DJAI.PSE/07/2022,https://pse.kominfo.go.id/storage/images/qr_code/6c6f5eceee3fabe2358c2441da262f09.png,TERDAFTAR,8139
147,8219,tdpseTerbit,,ENSEMBLE STARS MUSIC,ensemblestars.com,Sektor Teknologi Informasi dan Komunikasi,HAPPY ELEMENTS LIMITED,2022-07-20,005807.01/DJAI.PSE/07/2022,https://pse.kominfo.go.id/storage/images/qr_code/a985c168caa0a2c23278945f2082d658.png,TERDAFTAR,8138
148,8193,tdpseTerbit,,DREAME,play.google.com/store/apps/details?id=com.dreame.reader&hl=en_US&gl=US; https://apps.apple.com/au/app/dreame-read-best-romance/id1421091911,Sektor Teknologi Informasi dan Komunikasi,STARY PTE. LTD.,2022-07-20,005802.02/DJAI.PSE/07/2022,https://pse.kominfo.go.id/storage/images/qr_code/5bf31bc6f720f935d700e2a497fb0c60.png,TERDAFTAR,8112
149,8192,tdpseTerbit,,INNOVEL,play.google.com/store/apps/details?id=com.dreame.reader.indonesia&hl=en_US&gl=US; https://apps.apple.com/us/app/innovel/id1529082813,Sektor Teknologi Informasi dan Komunikasi,STARY PTE. LTD.,2022-07-20,005802.01/DJAI.PSE/07/2022,https://pse.kominfo.go.id/storage/images/qr_code/37490e6c5a67c1ce3fce58282d60a2fc.png,TERDAFTAR,8111
150,8159,tdpseTerbit,,ELEMENT INC.,discoverelement.com,Sektor Teknologi Informasi dan Komunikasi,ELEMENT INC.,2022-07-20,005793.01/DJAI.PSE/07/2022,https://pse.kominfo.go.id/storage/images/qr_code/305ad94b03fc4475ac91db91566d9d95.png,TERDAFTAR,8080
151,8157,tdpseTerbit,,ZOOM.US,zoom.us,Sektor Teknologi Informasi dan Komunikasi,"ZOOM VIDEO COMMUNICATIONS, INC.",2022-07-20,005790.01/DJAI.PSE/07/2022,https://pse.kominfo.go.id/storage/images/qr_code/781ae57ace43a88db30f2b0e6b717f44.png,TERDAFTAR,8077
152,8154,tdpseTerbit,,WWW.GOLDENTULIP.COM,goldentulip.com,Sektor Teknologi Informasi dan Komunikasi,LOUVRE HOTELS GROUP,2022-07-20,005788.02/DJAI.PSE/07/2022,https://pse.kominfo.go.id/storage/images/qr_code/fe7116cf39ac44ccd701457edcadd438.png,TERDAFTAR,8074
153,8153,tdpseTerbit,,WWW.KYRIAD.COM,kyriad.com,Sektor Teknologi Informasi dan Komunikasi,LOUVRE HOTELS GROUP,2022-07-20,005788.01/DJAI.PSE/07/2022,https://pse.kominfo.go.id/storage/images/qr_code/4f3ab3faa0b026e42906c0e4d1d309b5.png,TERDAFTAR,8073
154,8150,tdpseTerbit,,APPLE APP STORE,apps.apple.com,Sektor Teknologi Informasi dan Komunikasi,APPLE DISTRIBUTION INTERNATIONAL LIMITED,2022-07-20,005787.02/DJAI.PSE/07/2022,https://pse.kominfo.go.id/storage/images/qr_code/19d3dd1789aea0ac97f082aa0747a684.png,TERDAFTAR,8071
155,8149,tdpseTerbit,,ICLOUD,icloud.com,Sektor Teknologi Informasi dan Komunikasi,APPLE DISTRIBUTION INTERNATIONAL LIMITED,2022-07-20,005787.01/DJAI.PSE/07/2022,https://pse.kominfo.go.id/storage/images/qr_code/6f583a7b17550deaab02e6130311fe03.png,TERDAFTAR,8070
156,8148,tdpseTerbit,,GROW.CLEVERBRIDGE.COM,store.cleverbridge.com,Sektor Keuangan,CLEVERBRIDGE AG,2022-07-20,005786.01/DJAI.PSE/07/2022,https://pse.kominfo.go.id/storage/images/qr_code/6329e0955e5c2efde6d186c4af92c1fc.png,TERDAFTAR,8068
157,8147,tdpseTerbit,,GMILLION,gmillion.io,Sektor Teknologi Informasi dan Komunikasi,GMILLION,2022-07-20,005785.01/DJAI.PSE/07/2022,https://pse.kominfo.go.id/storage/images/qr_code/97e7de2bedb97316c96cf6d487538520.png,TERDAFTAR,8067
158,8146,tdpseTerbit,,AUTOCHESS MOBA,autochessmoba.com,Sektor Teknologi Informasi dan Komunikasi,TIANJIN HAORANYOU LIMITED,2022-07-20,005784.01/DJAI.PSE/07/2022,https://pse.kominfo.go.id/storage/images/qr_code/9e82a3a9af769a73fcd9d35e2a0e0a49.png,TERDAFTAR,8066
159,8145,tdpseTerbit,,PICMA - PENAMBAH FOTO AI,imperial-vision.com/en,Sektor Teknologi Informasi dan Komunikasi,LIMEI GAO,2022-07-20,005782.01/DJAI.PSE/07/2022,https://pse.kominfo.go.id/storage/images/qr_code/aab80eb99dd8eb01396a7b26e99728b2.png,TERDAFTAR,8065
160,8143,tdpseTerbit,,COOKPAD,cookpad.com,Sektor Teknologi Informasi dan Komunikasi,COOKPAD INC,2022-07-20,005781.01/DJAI.PSE/07/2022,https://pse.kominfo.go.id/storage/images/qr_code/9760df398e890c9b81102b32e5539748.png,TERDAFTAR,8064
161,8139,tdpseTerbit,,GAMELOFT,gameloft.com,Sektor Teknologi Informasi dan Komunikasi,GAMELOFT SE,2022-07-20,005780.01/DJAI.PSE/07/2022,https://pse.kominfo.go.id/storage/images/qr_code/de364507c29ebd895c57ddd0fa9eb48f.png,TERDAFTAR,8062
162,8137,tdpseTerbit,,HBO GO,hbogoasia.id,Sektor Teknologi Informasi dan Komunikasi,"AFFILIATES ASIA, LLC",2022-07-20,005779.01/DJAI.PSE/07/2022,https://pse.kominfo.go.id/storage/images/qr_code/4b543cf54543e9bf6863a1f03852d2ea.png,TERDAFTAR,8060
163,8134,tdpseTerbit,,PINGPONG,pingpongx.com,Sektor Keuangan,PING PONG GLOBAL HOLDINGS LIMITED,2022-07-20,005778.01/DJAI.PSE/07/2022,https://pse.kominfo.go.id/storage/images/qr_code/3a85cf196c2f51ffc8173cf8a0851e37.png,TERDAFTAR,8057
164,8133,tdpseTerbit,,GETCONTACT,getcontact.com,Sektor Teknologi Informasi dan Komunikasi,GETVERIFY LDA,2022-07-20,005777.01/DJAI.PSE/07/2022,https://pse.kominfo.go.id/storage/images/qr_code/0ea7300c86f67b57c375edd1c48abaa4.png,TERDAFTAR,8054
165,7663,tdpseTerbit,,TWITTER,twitter.com,Sektor Teknologi Informasi dan Komunikasi,"TWITTER, INC.",2022-07-20,005625.01/DJAI.PSE/07/2022,https://pse.kominfo.go.id/storage/images/qr_code/3dba4fb4dd37e389a9bcb6a8443656a6.png,TERDAFTAR,7572
166,7141,tdpseTerbit,,CHIMERALAND,play.google.com/store/apps/details?id=com. levelinfinite.fancyworld,Sektor Teknologi Informasi dan Komunikasi,PROXIMA BETA PTE. LIMITED,2022-07-19,005222.03/DJAI.PSE/07/2022,https://pse.kominfo.go.id/storage/images/qr_code/9ad8c34f06c905cda972e89ce6c4a2d9.png,TERDAFTAR,7023
167,7140,tdpseTerbit,,ALCHEMY STARS,apps.apple.com/id/app/alchemy-stars/id1529088856,Sektor Teknologi Informasi dan Komunikasi,PROXIMA BETA PTE. LIMITED,2022-07-19,005222.02/DJAI.PSE/07/2022,https://pse.kominfo.go.id/storage/images/qr_code/91f6d2e9840296a23eed51e1f01610db.png,TERDAFTAR,7021
168,7139,tdpseTerbit,,PUBG MOBILE,apps.apple.com/us/app/pubg-mobile/id1330123889,Sektor Teknologi Informasi dan Komunikasi,PROXIMA BETA PTE. LIMITED,2022-07-19,005222.01/DJAI.PSE/07/2022,https://pse.kominfo.go.id/storage/images/qr_code/7f11ebf8d2d06a8239b9b54a1e1479a5.png,TERDAFTAR,7020
169,7008,tdpseTerbit,,WESING,wesingapp.com,Sektor Teknologi Informasi dan Komunikasi,WE SONG (HONG KONG) LIMITED,2022-07-19,005126.01/DJAI.PSE/07/2022,https://pse.kominfo.go.id/storage/images/qr_code/6f12d87d78d6976a8ae35678c24cbeff.png,TERDAFTAR,6865
170,7102,tdpseTerbit,,WHATSAPP.COM,web.whatsapp.com,Sektor Teknologi Informasi dan Komunikasi,FACEBOOK SINGAPORE PTE. LTD.,2022-07-19,004994.06/DJAI.PSE/07/2022,https://pse.kominfo.go.id/storage/images/qr_code/870b8b4193761712c30558e477533949.png,TERDAFTAR,6971
171,7101,tdpseTerbit,,WHATSAPP MESSENGER,apps.apple.com/au/app/whatsapp-messenger/id310633997,Sektor Teknologi Informasi dan Komunikasi,FACEBOOK SINGAPORE PTE. LTD.,2022-07-19,004994.05/DJAI.PSE/07/2022,https://pse.kominfo.go.id/storage/images/qr_code/da45bd92a79ec983242a77e9be8aac7c.png,TERDAFTAR,6970
172,6800,tdpseTerbit,,INSTAGRAM,apps.apple.com/au/app/instagram/id389801252,Sektor Teknologi Informasi dan Komunikasi,FACEBOOK SINGAPORE PTE. LTD.,2022-07-19,004994.04/DJAI.PSE/07/2022,https://pse.kominfo.go.id/storage/images/qr_code/a03796d72d5691be9d4a1fece69acce7.png,TERDAFTAR,6651
173,6799,tdpseTerbit,,INSTAGRAM.COM,instagram.com,Sektor Teknologi Informasi dan Komunikasi,FACEBOOK SINGAPORE PTE. LTD.,2022-07-19,004994.03/DJAI.PSE/07/2022,https://pse.kominfo.go.id/storage/images/qr_code/f852b858c232be88f50992373320a400.png,TERDAFTAR,6650
174,6798,tdpseTerbit,,FACEBOOK,apps.apple.com/au/app/facebook/id284882215,Sektor Teknologi Informasi dan Komunikasi,FACEBOOK SINGAPORE PTE. LTD.,2022-07-19,004994.02/DJAI.PSE/07/2022,https://pse.kominfo.go.id/storage/images/qr_code/c107f82e934a7476d9a2de00e0f7e3c9.png,TERDAFTAR,6649
175,6797,tdpseTerbit,,FACEBOOK.COM,facebook.com,Sektor Teknologi Informasi dan Komunikasi,FACEBOOK SINGAPORE PTE. LTD.,2022-07-19,004994.01/DJAI.PSE/07/2022,https://pse.kominfo.go.id/storage/images/qr_code/e9becd3d5219cd0a60c598923135644f.png,TERDAFTAR,6648
176,6690,tdpseTerbit,,MICO,micous.com,Sektor Teknologi Informasi dan Komunikasi,MICO WORLD LIMITED,2022-07-19,004920.01/DJAI.PSE/07/2022,https://pse.kominfo.go.id/storage/images/qr_code/2b00562855b4538726161702e0d616b5.png,TERDAFTAR,6543
177,6684,tdpseTerbit,,HTTP://HEPAYMENT.99.COM/INDEX.ASPX,hepayment.99.com/index.aspx,Sektor Perdagangan,NETDRAGON,2022-07-19,004914.02/DJAI.PSE/07/2022,https://pse.kominfo.go.id/storage/images/qr_code/09d1b117be62a9cb6ea31b8b8182ec80.png,TERDAFTAR,6537
178,6683,tdpseTerbit,,SHOPPINGMALL.99.COM,shoppingmall.99.com,Sektor Perdagangan,NETDRAGON,2022-07-19,004914.01/DJAI.PSE/07/2022,https://pse.kominfo.go.id/storage/images/qr_code/075e538cdb7b0acbde35f42317c16d0d.png,TERDAFTAR,6536
179,6681,tdpseTerbit,,DISCORD,discord.com,Sektor Teknologi Informasi dan Komunikasi,DISCORD INC.,2022-07-19,004913.01/DJAI.PSE/07/2022,https://pse.kominfo.go.id/storage/images/qr_code/cfb534eeca7cf00bd3f971e7fcb69ffd.png,TERDAFTAR,6532
180,6654,tdpseTerbit,,NETEASE GAME,neteasegames.com,Sektor Teknologi Informasi dan Komunikasi,NETEASE INTERACTIVE ENTERTAINMENT PTE. LTD.,2022-07-19,004884.02/DJAI.PSE/07/2022,https://pse.kominfo.go.id/storage/images/qr_code/213d5a203599ad75d610a981c9a1e1a1.png,TERDAFTAR,6508
181,6653,tdpseTerbit,,NARAKA,narakathegame.com,Sektor Teknologi Informasi dan Komunikasi,NETEASE INTERACTIVE ENTERTAINMENT PTE. LTD.,2022-07-19,004884.01/DJAI.PSE/07/2022,https://pse.kominfo.go.id/storage/images/qr_code/469eb8ef72a600a1e84f634d79d0e902.png,TERDAFTAR,6507
182,6650,tdpseTerbit,,EDGE COMPUTING SOLUTIONS,lumen.com,Sektor Teknologi Informasi dan Komunikasi,LEVEL 3 COMMUNICATIONS HONG KONG LIMITED,2022-07-19,004882.01/DJAI.PSE/07/2022,https://pse.kominfo.go.id/storage/images/qr_code/c1ba68274fca90e341d96e635d5fb070.png,TERDAFTAR,6505
183,6649,tdpseTerbit,,MUMU PLAYER,mumuglobal.com,Sektor Teknologi Informasi dan Komunikasi,HONG KONG NETEASE INTERACTIVE ENTERTAINMENT LIMITED,2022-07-19,004879.02/DJAI.PSE/07/2022,https://pse.kominfo.go.id/storage/images/qr_code/455442307d80d52cf9469acc70f2211a.png,TERDAFTAR,6504
184,6648,tdpseTerbit,,UU BOOSTER,uubooster.com,Sektor Teknologi Informasi dan Komunikasi,HONG KONG NETEASE INTERACTIVE ENTERTAINMENT LIMITED,2022-07-19,004879.01/DJAI.PSE/07/2022,https://pse.kominfo.go.id/storage/images/qr_code/9eab2aa203da57d1d4d58434fe0d3730.png,TERDAFTAR,6503
185,6644,tdpseTerbit,,MERIDIA°COLLECT,refinery.meridia.land,Sektor Pangan,MERIDIA LAND,2022-07-19,004878.01/DJAI.PSE/07/2022,https://pse.kominfo.go.id/storage/images/qr_code/3901fc8a712f4cb3241e33d411d51682.png,TERDAFTAR,6501
186,6640,tdpseTerbit,,OFFGAMERS GLOBAL PTE LTD,offgamers.com,Sektor Perdagangan,OFFGAMERS,2022-07-19,004877.01/DJAI.PSE/07/2022,https://pse.kominfo.go.id/storage/images/qr_code/6c8bb614788b12b2134e8f4a13e97067.png,TERDAFTAR,6497
187,6576,tdpseTerbit,,NETFLIX,Netflix.com/id/,Sektor Perdagangan,NETFLIX PTE. LTD.,2022-07-19,004825.01/DJAI.PSE/07/2022,https://pse.kominfo.go.id/storage/images/qr_code/2081f51103adc0a664e107482ec36491.png,TERDAFTAR,6434
188,6400,tdpseTerbit,,TEST YI XIA,guanmutong.com,Sektor Teknologi Informasi dan Komunikasi,RUOCHENG,2022-07-18,004723.01/DJAI.PSE/07/2022,https://pse.kominfo.go.id/storage/images/qr_code/80d45adef2b157836fc4c5b55af44ef5.png,TERDAFTAR,6261
189,6398,tdpseTerbit,,SUZHOU NUOCHENG LEGAL CONSULTING SERVICE COMPANY,gamelawyer.com,Sektor Teknologi Informasi dan Komunikasi,Suzhou nuocheng Legal Consulting Service Company,2022-07-18,004722.01/DJAI.PSE/07/2022,https://pse.kominfo.go.id/storage/images/qr_code/47d14fe6473da7e44e8e65999d1315eb.png,TERDAFTAR,6260
190,6397,tdpseTerbit,,KINGAME ACCOUNT SYSTEM,thebulletangel.com,Sektor Teknologi Informasi dan Komunikasi,KINGAME,2022-07-18,004721.01/DJAI.PSE/07/2022,https://pse.kominfo.go.id/storage/images/qr_code/06cff365f5b5948c5eb6d15263827923.png,TERDAFTAR,6259
191,6394,tdpseTerbit,,YOHO,yoho.media,Sektor Teknologi Informasi dan Komunikasi,MOBILE ALPHA LIMITED,2022-07-18,004720.01/DJAI.PSE/07/2022,https://pse.kominfo.go.id/storage/images/qr_code/81e4d48ca1ce58ccda845c46d505899b.png,TERDAFTAR,6257
192,6393,tdpseTerbit,,ALOHA,aloha.com,Sektor Teknologi Informasi dan Komunikasi,ALOHA,2022-07-18,004719.01/DJAI.PSE/07/2022,https://pse.kominfo.go.id/storage/images/qr_code/e683e3c9f6e253d1b50e39d85713487e.png,TERDAFTAR,6256
193,6392,tdpseTerbit,,HTTPS://WWW.KFREEGAME.COM/,kfreegame.com,Sektor Teknologi Informasi dan Komunikasi,KINGMI CORPORATION LIMITED,2022-07-18,004718.01/DJAI.PSE/07/2022,https://pse.kominfo.go.id/storage/images/qr_code/2e8c3a05d01d591001b2ff00e9de8c6d.png,TERDAFTAR,6255
194,6391,tdpseTerbit,,MINI WORLD,play.google.com/store/apps/details?id=com.playmini.miniworld https://apps.apple.com/id/app/mini-world-creata/id1540197003 www.miniworldgame.com,Sektor Teknologi Informasi dan Komunikasi,MINOVATE HONG KONG LIMITED,2022-07-18,004717.01/DJAI.PSE/07/2022,https://pse.kominfo.go.id/storage/images/qr_code/37a89ae7fc5fa22db639d90e67c234d5.png,TERDAFTAR,6254
195,6390,tdpseTerbit,,DOORU LIBRARY,play.google.com/store/apps/details?id=com.enuma.easylibrary,Sektor Teknologi Informasi dan Komunikasi,ENUMA INC,2022-07-18,004716.04/DJAI.PSE/07/2022,https://pse.kominfo.go.id/storage/images/qr_code/c42ec7b0c05a28aae8d93819ed471bb7.png,TERDAFTAR,6253
196,6389,tdpseTerbit,,TODO MATH,play.google.com/store/apps/details?id=com.enuma.todomath,Sektor Teknologi Informasi dan Komunikasi,ENUMA INC,2022-07-18,004716.03/DJAI.PSE/07/2022,https://pse.kominfo.go.id/storage/images/qr_code/f8deb0808b678b0f361ac66e53344c4c.png,TERDAFTAR,6252
197,6388,tdpseTerbit,,TODO KOREAN,play.google.com/store/apps/details?id=com.enuma.todohangeul,Sektor Teknologi Informasi dan Komunikasi,ENUMA INC,2022-07-18,004716.02/DJAI.PSE/07/2022,https://pse.kominfo.go.id/storage/images/qr_code/9b6ef4094ddf5f84064dab3ec756af05.png,TERDAFTAR,6251
198,6387,tdpseTerbit,,SEKOLAH ENUMA: BAHASA INDONESIA,play.google.com/store/apps/details?id=com.enuma.enumaschool.indb2c,Sektor Teknologi Informasi dan Komunikasi,ENUMA INC,2022-07-18,004716.01/DJAI.PSE/07/2022,https://pse.kominfo.go.id/storage/images/qr_code/9d30e2378de9d68ae0c55517fb64a237.png,TERDAFTAR,6250
199,6386,tdpseTerbit,,SUPER SUS,supersus.io,Sektor Teknologi Informasi dan Komunikasi,PI PRODUCTIONS PTE. LTD.,2022-07-18,004715.01/DJAI.PSE/07/2022,https://pse.kominfo.go.id/storage/images/qr_code/ff2c7d43a1e027cede86e0c5099dc118.png,TERDAFTAR,6249
200,6385,tdpseTerbit,,BE THE KING,king.ckhdea.com/,Sektor Teknologi Informasi dan Komunikasi,"HONG KONG CHUANG COOL INTERACTIVE ENTERTAINMENT CO., LIMITED",2022-07-18,004714.01/DJAI.PSE/07/2022,https://pse.kominfo.go.id/storage/images/qr_code/874b6bd4cde07d00ebe8df6f84dd65cb.png,TERDAFTAR,6248
201,8773,tdpseTerbit,,FLASH PARTY,apps.apple.com/us/app/flash-party/id1579850555; taptap.io/app/211926,Sektor Teknologi Informasi dan Komunikasi,XD ENTERTAINMENT PTE. LTD.,2022-07-22,004713.04/DJAI.PSE/07/2022,https://pse.kominfo.go.id/storage/images/qr_code/6aff1847861a66ccf541804b1de81ad8.png,TERDAFTAR,8690
202,8772,tdpseTerbit,,T3 ARENA,apps.apple.com/us/app/t3-arena/id1602814337; taptap.io/app/219804,Sektor Teknologi Informasi dan Komunikasi,XD ENTERTAINMENT PTE. LTD.,2022-07-22,004713.03/DJAI.PSE/07/2022,https://pse.kominfo.go.id/storage/images/qr_code/1778c6ddb63438aead2ed551ecd502d0.png,TERDAFTAR,8689
203,8771,tdpseTerbit,,SAUSAGE MAN,sausageman.xd.com; play.google.com/store/search?q=sausage+man&c=apps; apps.apple.com/id/app/sausage-man/id1563750315?l=id; taptap.io/app/211926,Sektor Teknologi Informasi dan Komunikasi,XD ENTERTAINMENT PTE. LTD.,2022-07-22,004713.02/DJAI.PSE/07/2022,https://pse.kominfo.go.id/storage/images/qr_code/5b354aeb10404960c511e4b6b7c3b3ec.png,TERDAFTAR,8688
204,6384,tdpseTerbit,,XD ENTERTAINMENT,xd-1.com,Sektor Teknologi Informasi dan Komunikasi,XD ENTERTAINMENT PTE. LTD.,2022-07-18,004713.01/DJAI.PSE/07/2022,https://pse.kominfo.go.id/storage/images/qr_code/8f28bd190c370646e7d3ff23cda0a288.png,TERDAFTAR,6247
205,6383,tdpseTerbit,,TAPTAP2-EDIT,taptap.io,Sektor Perdagangan,TAPTAP PTE. LTD.,2022-07-18,004712.02/DJAI.PSE/07/2022,https://pse.kominfo.go.id/storage/images/qr_code/a5e9f3c3d2248a79b6ba04e602524fcb.png,TERDAFTAR,6246
206,6382,tdpseTerbit,,TAPTAP,taptap.io,Sektor Perdagangan,TAPTAP PTE. LTD.,2022-07-18,004712.01/DJAI.PSE/07/2022,https://pse.kominfo.go.id/storage/images/qr_code/f4a86d80e4a6b8fb674073a48f795cc3.png,TERDAFTAR,6245
207,6381,tdpseTerbit,,EYOUGAME,eyougame.com,Sektor Perdagangan,Eyou Technology Pte. Ltd.,2022-07-18,004711.01/DJAI.PSE/07/2022,https://pse.kominfo.go.id/storage/images/qr_code/2451edaafb4ba773baad06710f919ba3.png,TERDAFTAR,6244
208,6380,tdpseTerbit,,ZINGPLAY INTERNATIONAL PTE. LTD.,zingplay.com,Sektor Teknologi Informasi dan Komunikasi,ZINGPLAY INTERNATIONAL PTE. LTD.,2022-07-18,004710.01/DJAI.PSE/07/2022,https://pse.kominfo.go.id/storage/images/qr_code/14de5027d85c19ead5f15701468f58de.png,TERDAFTAR,6243
209,6377,tdpseTerbit,,ISHOW,ishowlive.com,Sektor Teknologi Informasi dan Komunikasi,APOTHEOSIS LIMITED,2022-07-18,004709.01/DJAI.PSE/07/2022,https://pse.kominfo.go.id/storage/images/qr_code/c499690511d100a7f2482dfaec70689a.png,TERDAFTAR,6242
210,6376,tdpseTerbit,,PROGATE,progate.com,Sektor Teknologi Informasi dan Komunikasi,PROGATE,2022-07-18,004708.01/DJAI.PSE/07/2022,https://pse.kominfo.go.id/storage/images/qr_code/599253a30759b863a9de21e70c218a52.png,TERDAFTAR,6241
211,6374,tdpseTerbit,,MICROSOFT CLOUD SERVICES,microsoft.com,Sektor Teknologi Informasi dan Komunikasi,MICROSOFT IRELAND OPERATIONS LIMITED,2022-07-18,004707.01/DJAI.PSE/07/2022,https://pse.kominfo.go.id/storage/images/qr_code/e9fd1dd8c02bf2da5a83706d073c4a5e.png,TERDAFTAR,6240
212,6123,tdpseTerbit,,"HALAMAN INFORMASI APLIKASI GAMES (GENSHIN IMPACT, HONKAI IMPACT 3RD, TEARS OF THEMIS, HONKAI: STAR RAIL, ZENLESS ZONE ZERO, N0VA DESKTOP, HOYOLAB)",hoyoverse.com,Sektor Teknologi Informasi dan Komunikasi,COGNOSPHERE PTE. LTD.,2022-07-18,004559.01/DJAI.PSE/07/2022,https://pse.kominfo.go.id/storage/images/qr_code/d88a06eb0a82f0a88577b53ac4423d1c.png,TERDAFTAR,5995
213,6017,tdpseTerbit,,TELEGRAM MESSENGER,web.telegram.org,Sektor Teknologi Informasi dan Komunikasi,TELEGRAM MESSENGER INC,2022-07-17,004473.01/DJAI.PSE/07/2022,https://pse.kominfo.go.id/storage/images/qr_code/13f44e98ecb07be6daee5b76f213e5c3.png,TERDAFTAR,5881
214,5996,tdpseTerbit,,MOBILE LEGENDS: ADVENTURE,play.google.com/store/apps/details?id=com.moonton.mobilehero; apps.apple.com/us/app/mobile-legends-adventure/id1456213261; m.mladventure.net/#home,Sektor Teknologi Informasi dan Komunikasi,YOUNGJOY TECHNOLOGY LIMITED,2022-07-17,004450.03/DJAI.PSE/07/2022,https://pse.kominfo.go.id/storage/images/qr_code/8e2ed21b876f2b53a3ea4b8576b66f67.png,TERDAFTAR,5860
215,5995,tdpseTerbit,,MOBILE LEGENDS: BANG BANG,play.google.com/store/apps/details?id=com.mobile.legends; apps.apple.com/us/app/mobile-legends-bang-bang/id1160056295; play.mobilelegends.com/landing/?lan=en; www.mobilelegends.net/fp/featured?aid=6571&sdk_language=en,Sektor Teknologi Informasi dan Komunikasi,YOUNGJOY TECHNOLOGY LIMITED,2022-07-17,004450.02/DJAI.PSE/07/2022,https://pse.kominfo.go.id/storage/images/qr_code/37925a4b59c5ce136d9efe73046298e6.png,TERDAFTAR,5859
216,5994,tdpseTerbit,,WATCHER OF REALMS,play.google.com/store/apps/details?id=com.td.watcherofrealms; m.watcherofrealms.com/#/home,Sektor Teknologi Informasi dan Komunikasi,YOUNGJOY TECHNOLOGY LIMITED,2022-07-17,004450.01/DJAI.PSE/07/2022,https://pse.kominfo.go.id/storage/images/qr_code/1be0bf59b4763a60f1df586435d832ab.png,TERDAFTAR,5858
217,5280,tdpseTerbit,,MICHAT MOBILE APPLICATION SYSTEM,michat.sg,Sektor Teknologi Informasi dan Komunikasi,MICHAT PTE LIMITED,2022-07-11,003957.01/DJAI.PSE/07/2022,https://pse.kominfo.go.id/storage/images/qr_code/a9d759b4c67cd7f7be39d3e90fef6f54.png,TERDAFTAR,5149
218,4917,tdpseTerbit,,IZZI,wefitec.com,Sektor Keuangan,WeFi International A.G.,2022-06-28,003535.01/DJAI.PSE/06/2022,https://pse.kominfo.go.id/storage/images/qr_code/82669d4cb8f1a04412a774cda5f838af.png,TERDAFTAR,4786
219,4890,tdpseTerbit,,LEGO.COM,lego.com/en-id,Sektor Perdagangan,LEGO SYSTEM A/S,2022-06-28,003526.01/DJAI.PSE/06/2022,https://pse.kominfo.go.id/storage/images/qr_code/d9c90443a37367024e41d5917ef2695a.png,TERDAFTAR,4759
220,4889,tdpseTerbit,,GLANCE,glance.com,Sektor Teknologi Informasi dan Komunikasi,GLANCE INMOBI PTE. LTD.,2022-06-28,003525.01/DJAI.PSE/06/2022,https://pse.kominfo.go.id/storage/images/qr_code/29c2aba8ed2f249c460d9711b8bd6ca2.png,TERDAFTAR,4758
221,4886,tdpseTerbit,,DAZN,dazn.com,Sektor Perdagangan,DAZN LIMITED,2022-06-28,003524.01/DJAI.PSE/06/2022,https://pse.kominfo.go.id/storage/images/qr_code/2789916bd000abee2de3432ccbee6d85.png,TERDAFTAR,4755
222,4720,tdpseTerbit,,YANDEX PRACTICUM PLATFORM,practicum.com/id-idn/,Sektor Teknologi Informasi dan Komunikasi,INTERTECH SERVICES AG,2022-06-24,003410.01/DJAI.PSE/06/2022,https://pse.kominfo.go.id/storage/images/qr_code/bae4eb9fe0fbc41197e3af8d09fd39cd.png,TERDAFTAR,4674
223,4680,tdpseTerbit,,MARIAKALAIJ OWEN CAPITAL FINANCIAL LINK,owenpetrobitumen.blogspot.com,Sektor Keuangan,OWEN PETRO BITUMEN,2022-06-23,003370.01/DJAI.PSE/06/2022,https://pse.kominfo.go.id/storage/images/qr_code/32d868e0d7c9156b69ab93ca01217780.png,TERDAFTAR,4639
224,4679,tdpseTerbit,,SMIC FINANCIAL LINK,transpeninsular.wordpress.com,Sektor Keuangan,"SHANTOU MARIA INVESTMENT CO., LTD.",2022-06-23,003369.01/DJAI.PSE/06/2022,https://pse.kominfo.go.id/storage/images/qr_code/9f686058eefbf02dd802d9eee631025d.png,TERDAFTAR,4638
225,4678,tdpseTerbit,,SMIC FINANCIAL TRADE LINK,transpeninsular.wordpress.com,Sektor Perdagangan,"SHANTOU JINJIA TRADING CO., LTD.",2022-06-23,003368.01/DJAI.PSE/06/2022,https://pse.kominfo.go.id/storage/images/qr_code/6eb6703274c3153914b1e9658c638a68.png,TERDAFTAR,4637
226,4677,tdpseTerbit,,NABITU,nabitu.id,Sektor Keuangan,NABITU TEKNOLOGI ISLAMI,2022-06-23,003367.01/DJAI.PSE/06/2022,https://pse.kominfo.go.id/storage/images/qr_code/f1b7a0f1af6142165d29f2bedd25aaf6.png,TERDAFTAR,4636
227,4676,tdpseTerbit,,"RIMBA COLLECTIVE MRV (MONITOR, REPORTING & VERIFICATION) PLATFORM",rimbacollective.com,Sektor Teknologi Informasi dan Komunikasi,RIMBA COLLECTIVE PTE LTD,2022-06-23,003366.01/DJAI.PSE/06/2022,https://pse.kominfo.go.id/storage/images/qr_code/f13e315a89979e3839424c917dbe379d.png,TERDAFTAR,4635
228,4675,tdpseTerbit,,DECORIS,decoris.io,Sektor Perdagangan,INVOKE SOLUTIONS SDN BHD,2022-06-23,003365.01/DJAI.PSE/06/2022,https://pse.kominfo.go.id/storage/images/qr_code/baec393b3e852b17aaddf271bd5de48a.png,TERDAFTAR,4634
229,5485,tdpseTerbit,,ULIKE,play.google.com/store/apps/details?id=com.gorgeous.liteinternational; apps.apple.com/tw/app/ulike-define-trendy-selfie/id1398796436,Sektor Teknologi Informasi dan Komunikasi,BYTEDANCE PTE. LTD.,2022-05-25,002839.01/DJAI.PSE/05/2022,https://pse.kominfo.go.id/storage/images/qr_code/026e7bcadb9aa6a07fa2a46f90c809ba.png,TERDAFTAR,4139
230,9259,tdpseTerbit,,ABCD,ABCD.com,Sektor Keuangan,ESO FOREIGN LTD,2022-07-28,002755.01/DJAI.PSE/07/2022,https://pse.kominfo.go.id/storage/images/qr_code/fc270f3b6ba4141ca9c627a1f5c57824.png,TERDAFTAR,9171
231,4887,tdpseTerbit,,BRAWIJAYA CAPITAL INVESTAMA (TRADE FINANCE LINK),transpeninsular.wordpress.com,Sektor Keuangan,BRAWIJAYA CAPITAL INVESTAMA,2022-06-28,002754.02/DJAI.PSE/06/2022,https://pse.kominfo.go.id/storage/images/qr_code/4bb6a3faee8f2d39c89ef9c335c46752.png,TERDAFTAR,4756
232,5281,tdpseTerbit,,YANG INI HYPNO TEST,yanginihypnotest.com,Sektor Kesehatan,HYPNOTHERAPY PTE LTD,2022-07-11,002752.08/DJAI.PSE/07/2022,https://pse.kominfo.go.id/storage/images/qr_code/1453e7ab8b7bbd4b87b8dae3613e779c.png,TERDAFTAR,5150
233,4888,tdpseTerbit,,TRADE FINANCE LINK,transpeninsular.wordpress.com,Sektor Keuangan,WIJAYA KUSUMA RAJAWALI,2022-06-28,002748.02/DJAI.PSE/06/2022,https://pse.kominfo.go.id/storage/images/qr_code/5d0730dfe899fb2533f2c6e7cc302151.png,TERDAFTAR,4757
234,4142,tdpseTerbit,,RESSO,resso.app/in/; play.google.com/store/apps/details?id=com.moonvideo.android.resso&hl=en_SG&gl=US; apps.apple.com/in/app/resso-music-songs-lyrics/id1457922673,Sektor Teknologi Informasi dan Komunikasi,MOON VIDEO INC.,2022-05-25,000371.01/DJAI.PSE/05/2022,https://pse.kominfo.go.id/storage/images/qr_code/b502247fc84b6277530240bb640c18cd.png,TERDAFTAR,4144
235,4141,tdpseTerbit,,CAPCUT,capcut.net; play.google.com/store/apps/details?id=com.lemon.lvoverseas&hl=en_US&gl=US; apps.apple.com/us/app/capcut-video-editor/id1500855883,Sektor Teknologi Informasi dan Komunikasi,BYTEDANCE PTE. LTD.,2022-05-25,000370.05/DJAI.PSE/05/2022,https://pse.kominfo.go.id/storage/images/qr_code/e0ea1b36a9167709fb65d3b4d0e0c97e.png,TERDAFTAR,4143
236,4140,tdpseTerbit,,PANGLE,pangleglobal.com/,Sektor Teknologi Informasi dan Komunikasi,BYTEDANCE PTE. LTD.,2022-05-25,000370.04/DJAI.PSE/05/2022,https://pse.kominfo.go.id/storage/images/qr_code/eedc2c9b97ae6b394ba0882b871d443e.png,TERDAFTAR,4142
237,4139,tdpseTerbit,,FACEU,play.google.com/store/apps/details?id=com.lemon.faceu.oversea&hl=en_US&gl=US,Sektor Teknologi Informasi dan Komunikasi,BYTEDANCE PTE. LTD.,2022-05-25,000370.03/DJAI.PSE/05/2022,https://pse.kominfo.go.id/storage/images/qr_code/4618a27642681aa9cc026f76df2e8cde.png,TERDAFTAR,4141
238,4138,tdpseTerbit,,LEMON8,lemon8-app.com/feed/foryou?region=id; play.google.com/store/apps/details?id=com.bd.nproject&hl=en_SG&gl=US; https://apps.apple.com/th/app/lemon8-%E3%83%AC%E3%83%A2%E3%83%B3%E3%82%A8%E3%82%A4%E3%83%88/id1498607143,Sektor Teknologi Informasi dan Komunikasi,BYTEDANCE PTE. LTD.,2022-05-25,000370.02/DJAI.PSE/05/2022,https://pse.kominfo.go.id/storage/images/qr_code/7a6eb90719f21327b4627d7cb6a61e1b.png,TERDAFTAR,4140
239,4136,tdpseTerbit,,GAUTHMATH,gauthmath.com/en; apps.apple.com/bb/app/gauthmath-students-must-have/id1542571008; play.google.com/store/apps/details?id=com.education.android.h.intelligence&hl=en_SG&gl=US,Sektor Teknologi Informasi dan Komunikasi,GAUTHTECH PTE. LTD.,2022-05-25,000369.01/DJAI.PSE/05/2022,https://pse.kominfo.go.id/storage/images/qr_code/8a6d6987f60b9133585c8e98a48b50fe.png,TERDAFTAR,4138
240,4135,tdpseTerbit,,LARK,larksuite.com; https://play.google.com/store/apps/details?id=com.larksuite.suite,Sektor Teknologi Informasi dan Komunikasi,LARK TECHNOLOGIES PTE. LTD.,2022-05-25,000368.01/DJAI.PSE/05/2022,https://pse.kominfo.go.id/storage/images/qr_code/11cc92151777afbca6dc94b7722ca28f.png,TERDAFTAR,4137
241,4134,tdpseTerbit,,BYTEPLUS,byteplus.com,Sektor Teknologi Informasi dan Komunikasi,BYTEPLUS PTE. LTD.,2022-05-25,000367.01/DJAI.PSE/05/2022,https://pse.kominfo.go.id/storage/images/qr_code/a39b7d17c89e64ddf7b56c8c312bad40.png,TERDAFTAR,4136
242,4133,tdpseTerbit,,RAGNAROK X: NEXT GENERATION,ragnarokx.com/main; play.google.com/store/apps/details?id=com.play.rosea; apps.apple.com/SG/app/id1545808948?mt=8,Sektor Teknologi Informasi dan Komunikasi,NUVERSE (HONG KONG) LIMITED,2022-05-25,000366.02/DJAI.PSE/05/2022,https://pse.kominfo.go.id/storage/images/qr_code/bfdb6942ef523f51486f2ea75e3441ea.png,TERDAFTAR,4135
243,4132,tdpseTerbit,,"WARHAMMER 40,000 LOST CRUSADE",lostcrusade.com; apps.apple.com/app/id1532636309; play.google.com/store/apps/details?id=com.orcacorp.wargame,Sektor Teknologi Informasi dan Komunikasi,NUVERSE (HONG KONG) LIMITED,2022-05-25,000366.01/DJAI.PSE/05/2022,https://pse.kominfo.go.id/storage/images/qr_code/378701a32eacd62c0247abb1b063931d.png,TERDAFTAR,4134
244,4131,tdpseTerbit,,THE HEROIC LEGEND OF EAGARLNIA,pixmain.com/the-heroic-legend-of-eagarlnia; apps.apple.com/us/app/the-heroic-legend-of-eagarlnia/id1580509302; play.google.com/store/apps/details?id=com.redhand.eagarlnia,Sektor Teknologi Informasi dan Komunikasi,PIXMAIN PTE. LTD.,2022-05-25,000365.04/DJAI.PSE/05/2022,https://pse.kominfo.go.id/storage/images/qr_code/9fa22e4521b4566fddae9333639e6712.png,TERDAFTAR,4133
245,4130,tdpseTerbit,,MY TIME AT PORTIA,pixmain.com/my-time-at-portia; apps.apple.com/us/app/my-time-at-portia/id1555184523; play.google.com/store/apps/details?id=com.pathea.mtap,Sektor Teknologi Informasi dan Komunikasi,PIXMAIN PTE. LTD.,2022-05-25,000365.03/DJAI.PSE/05/2022,https://pse.kominfo.go.id/storage/images/qr_code/8603bf3aaa36058f7c8ea7ac98a0806b.png,TERDAFTAR,4132
246,4129,tdpseTerbit,,HUNDRED DAYS,pixmain.com/hundred-days; apps.apple.com/us/app/hundred-days/id1581549121; play.google.com/store/apps/details?id=com.brokenarmsgames.hundred,Sektor Teknologi Informasi dan Komunikasi,PIXMAIN PTE. LTD.,2022-05-25,000365.02/DJAI.PSE/05/2022,https://pse.kominfo.go.id/storage/images/qr_code/d75c46dc133747dbb797fe4abceed412.png,TERDAFTAR,4131
247,4128,tdpseTerbit,,INKED,pixmain.com/inked; apps.apple.com/us/app/inked/id1537777979; play.google.com/store/apps/details?id=com.somniumgames.inked,Sektor Teknologi Informasi dan Komunikasi,PIXMAIN PTE. LTD.,2022-05-25,000365.01/DJAI.PSE/05/2022,https://pse.kominfo.go.id/storage/images/qr_code/b4fea688ad3872eab720e0d21efa9c69.png,TERDAFTAR,4130
248,4117,tdpseTerbit,,FIZZOTOON,fizzotoon.com/,Sektor Teknologi Informasi dan Komunikasi,POLIGON PTE. LTD.,2022-05-24,000335.04/DJAI.PSE/05/2022,https://pse.kominfo.go.id/storage/images/qr_code/2b672d15807c7e47642814bb8ad2ec19.png,TERDAFTAR,4117
249,4116,tdpseTerbit,,GUA GUA LONG,rexandfriends.com,Sektor Teknologi Informasi dan Komunikasi,POLIGON PTE. LTD.,2022-05-24,000335.03/DJAI.PSE/05/2022,https://pse.kominfo.go.id/storage/images/qr_code/c6d9695be82b4e2027be2a6b7952464e.png,TERDAFTAR,4116
250,4115,tdpseTerbit,,HELO,helo.com/; apps.apple.com/us/app/helo-share-your-life/id1437494436; play.google.com/store/apps/details?id=world.social.group.video.share&hl=en_SG&gl=US,Sektor Teknologi Informasi dan Komunikasi,POLIGON PTE. LTD.,2022-05-24,000335.02/DJAI.PSE/05/2022,https://pse.kominfo.go.id/storage/images/qr_code/e97bb72e6ec6f56e412b370d38b25493.png,TERDAFTAR,4115
251,4114,tdpseTerbit,,FIZZO,fizzo.org,Sektor Teknologi Informasi dan Komunikasi,POLIGON PTE. LTD.,2022-05-24,000335.01/DJAI.PSE/05/2022,https://pse.kominfo.go.id/storage/images/qr_code/fcee5b1bad3dd442c2109ebad10469fe.png,TERDAFTAR,4114
252,4113,tdpseTerbit,,DAILYMOTION S.A.,dailymotion.com,Sektor Teknologi Informasi dan Komunikasi,DAILYMOTION S.A.,2022-05-24,000334.01/DJAI.PSE/05/2022,https://pse.kominfo.go.id/storage/images/qr_code/eadd77eb3983290b474382a1dec221ea.png,TERDAFTAR,4113
253,4112,tdpseTerbit,,SOUNDON,soundon.global,Sektor Teknologi Informasi dan Komunikasi,TIKTOK PTE. LTD.,2022-05-24,000333.04/DJAI.PSE/05/2022,https://pse.kominfo.go.id/storage/images/qr_code/3f7b23818c504e52cb86ab1441d16c01.png,TERDAFTAR,4112
254,4111,tdpseTerbit,,TT4B (TIKTOK FOR BUSINESS),tiktok.com/business/en,Sektor Teknologi Informasi dan Komunikasi,TIKTOK PTE. LTD.,2022-05-24,000333.03/DJAI.PSE/05/2022,https://pse.kominfo.go.id/storage/images/qr_code/3f01cf942ce39425fbf1ffbe885ce644.png,TERDAFTAR,4111
255,4110,tdpseTerbit,,TIKTOK,tiktok.com,Sektor Teknologi Informasi dan Komunikasi,TIKTOK PTE. LTD.,2022-05-24,000333.02/DJAI.PSE/05/2022,https://pse.kominfo.go.id/storage/images/qr_code/d08f9fdb76feb45153635522631c5d09.png,TERDAFTAR,4110
256,4109,tdpseTerbit,,TIKTOK SHOP,shop.tiktok.com/merchant/id; seller.tiktokglobalshop.com/business/id; seller-id.tiktok.com; seller.tiktok.com/; developers.tiktok-shops.com/; pearl.bytedance.net/data/basic/shop?oec_region=ID,Sektor Perdagangan,TIKTOK PTE. LTD.,2022-05-24,000333.01/DJAI.PSE/05/2022,https://pse.kominfo.go.id/storage/images/qr_code/80138c2dbd2f8b732c767b4522498cd8.png,TERDAFTAR,4109
257,4101,tdpseTerbit,,WEWATCH,wewatch.asia,Sektor Teknologi Informasi dan Komunikasi,WEWATCH PTE. LTD.,2022-05-23,000299.01/DJAI.PSE/05/2022,https://pse.kominfo.go.id/storage/images/qr_code/07e28b6ed44494553426a771dfbff2fe.png,TERDAFTAR,4100
258,4100,tdpseTerbit,,WWW.SHOPLAY365.COM,13.228.204.118,Sektor Teknologi Informasi dan Komunikasi,CYBERSHELL TECHNOLOGY LIMITED,2022-05-23,000298.02/DJAI.PSE/05/2022,https://pse.kominfo.go.id/storage/images/qr_code/6006d5ba89b7c6104c7a1ff4e97e5345.png,TERDAFTAR,4099
259,4099,tdpseTerbit,,WWW.JOLLYMAX.COM,13.228.204.118,Sektor Teknologi Informasi dan Komunikasi,CYBERSHELL TECHNOLOGY LIMITED,2022-05-23,000298.01/DJAI.PSE/05/2022,https://pse.kominfo.go.id/storage/images/qr_code/4e7c2cfaa4db5080552cc0e2dbfc21f6.png,TERDAFTAR,4098
260,4098,tdpseTerbit,,PLAYIT,114.119.185.13,Sektor Teknologi Informasi dan Komunikasi,SMART MEDIA4U TECHNOLOGY PTE. LTD.,2022-05-23,000297.07/DJAI.PSE/05/2022,https://pse.kominfo.go.id/storage/images/qr_code/ced5074d8fb8251698b798d08ab76965.png,TERDAFTAR,4097
261,4097,tdpseTerbit,,CLONEIT,114.119.185.13,Sektor Teknologi Informasi dan Komunikasi,SMART MEDIA4U TECHNOLOGY PTE. LTD.,2022-05-23,000297.06/DJAI.PSE/05/2022,https://pse.kominfo.go.id/storage/images/qr_code/65edc7091d0447e9d47bae0617f007fd.png,TERDAFTAR,4096
262,4096,tdpseTerbit,,LISTENIT,114.119.185.13,Sektor Teknologi Informasi dan Komunikasi,SMART MEDIA4U TECHNOLOGY PTE. LTD.,2022-05-23,000297.05/DJAI.PSE/05/2022,https://pse.kominfo.go.id/storage/images/qr_code/66db13d8b326d249bbba3d778cd7c767.png,TERDAFTAR,4095
263,4095,tdpseTerbit,,CLOCKIT,114.119.185.13,Sektor Teknologi Informasi dan Komunikasi,SMART MEDIA4U TECHNOLOGY PTE. LTD.,2022-05-23,000297.04/DJAI.PSE/05/2022,https://pse.kominfo.go.id/storage/images/qr_code/14b196d006390c3f5c3e749a4503cfd3.png,TERDAFTAR,4094
264,4094,tdpseTerbit,,CLEANIT,114.119.185.13,Sektor Teknologi Informasi dan Komunikasi,SMART MEDIA4U TECHNOLOGY PTE. LTD.,2022-05-23,000297.03/DJAI.PSE/05/2022,https://pse.kominfo.go.id/storage/images/qr_code/4d4865703e720853fd0c54c55276e654.png,TERDAFTAR,4093
265,4093,tdpseTerbit,,SHAREIT,114.119.168.60,Sektor Teknologi Informasi dan Komunikasi,SMART MEDIA4U TECHNOLOGY PTE. LTD.,2022-05-23,000297.02/DJAI.PSE/05/2022,https://pse.kominfo.go.id/storage/images/qr_code/e768b898f74f6de325b5d8f7d74a96d3.png,TERDAFTAR,4092
266,4092,tdpseTerbit,,SHAREIT LITE,114.119.168.60,Sektor Teknologi Informasi dan Komunikasi,SMART MEDIA4U TECHNOLOGY PTE. LTD.,2022-05-23,000297.01/DJAI.PSE/05/2022,https://pse.kominfo.go.id/storage/images/qr_code/95a0c2eeadec44c1cb8098ad4683e0f4.png,TERDAFTAR,4091
267,4091,tdpseTerbit,,PULSE,wedopulse.com/id/,Sektor Perdagangan,PULSE ECOSYSTEMS PTE. LTD.,2022-05-23,000296.01/DJAI.PSE/05/2022,https://pse.kominfo.go.id/storage/images/qr_code/5424de5f19f1dc68019a69a4175ff21b.png,TERDAFTAR,4090
268,4090,tdpseTerbit,,REACH52 ACCESS,reach52.com,Sektor Kesehatan,REACH52 PTE LTD,2022-05-23,000295.01/DJAI.PSE/05/2022,https://pse.kominfo.go.id/storage/images/qr_code/a29e5f1fa2a666130a6b40a453d10b3f.png,TERDAFTAR,4089
269,4089,tdpseTerbit,,MCB,mycashback.co,Sektor Perdagangan,MANKIND MEDIA PTE LTD,2022-05-23,000294.01/DJAI.PSE/05/2022,https://pse.kominfo.go.id/storage/images/qr_code/5cf44649c0176c454d3a7a2d5c977918.png,TERDAFTAR,4088
270,4088,tdpseTerbit,,LINKTREE,linktr.ee,Sektor Teknologi Informasi dan Komunikasi,LINKTREE PTY LTD,2022-05-23,000293.01/DJAI.PSE/05/2022,https://pse.kominfo.go.id/storage/images/qr_code/4af5ca9f140bb111af1f9a2406231da3.png,TERDAFTAR,4087
271,4087,tdpseTerbit,,SMARTER HEALTH PLATFORM,smarterhealth.sg/,Sektor Teknologi Informasi dan Komunikasi,SMARTER HEALTH PTE LTD,2022-05-23,000292.01/DJAI.PSE/05/2022,https://pse.kominfo.go.id/storage/images/qr_code/9dd690e683c9fa2972debcdd47947bb9.png,TERDAFTAR,4086
272,4086,tdpseTerbit,,CHANGE.ORG,change.org,Sektor Teknologi Informasi dan Komunikasi,"CHANGE.ORG, PBC",2022-05-23,000291.01/DJAI.PSE/05/2022,https://pse.kominfo.go.id/storage/images/qr_code/9f4aac48e390a9a2942ba7ad1f72033d.png,TERDAFTAR,4085
273,4085,tdpseTerbit,,TREBEL,trebel.io,Sektor Perdagangan,"M&M MEDIA, INC",2022-05-23,000290.01/DJAI.PSE/05/2022,https://pse.kominfo.go.id/storage/images/qr_code/51397e3cfda2be92ed14fd5dbfa10884.png,TERDAFTAR,4084
274,4084,tdpseTerbit,,SPOTIFY,spotify.com,Sektor Teknologi Informasi dan Komunikasi,SPOTIFY AB,2022-05-23,000289.01/DJAI.PSE/05/2022,https://pse.kominfo.go.id/storage/images/qr_code/c457489bed39cfb367ab76e77e0e8b80.png,TERDAFTAR,4083
275,4083,tdpseTerbit,,SIDEN,siden.io,Sektor Teknologi Informasi dan Komunikasi,SIDEN INC,2022-05-23,000288.01/DJAI.PSE/05/2022,https://pse.kominfo.go.id/storage/images/qr_code/085263b980214fd3aca62ad0fd1daaa0.png,TERDAFTAR,4082
276,4082,tdpseTerbit,,BIOMARK LABORATORY PLATFORM,13.227.254.60,Sektor Kesehatan,BIOMARK PTE LTD,2022-05-23,000287.02/DJAI.PSE/05/2022,https://pse.kominfo.go.id/storage/images/qr_code/37685d0a930dfe695a2c88a24d9a1b2b.png,TERDAFTAR,4081
277,4081,tdpseTerbit,,BIOMARK MOBILE APPLICATION,13.227.254.72,Sektor Kesehatan,BIOMARK PTE LTD,2022-05-23,000287.01/DJAI.PSE/05/2022,https://pse.kominfo.go.id/storage/images/qr_code/4be1e2c770ebae54e798195a1c9ca8c0.png,TERDAFTAR,4080
278,4067,tdpseTerbit,,SPACE & AVIATION TECHNLOGY SYSTEM,belumada.com,Sektor Teknologi Informasi dan Komunikasi,WIJAYA KUSUMA RAJAWALI,2022-05-23,000279.01/DJAI.PSE/05/2022,https://pse.kominfo.go.id/storage/images/qr_code/79c9bff26dc477ac3f7fea8cd82467cd.png,TERDAFTAR,4066
279,4066,tdpseTerbit,,BIOMARK MOBILE APPLICATION,biomarking.com,Sektor Kesehatan,BIOMARK PTE LTD,2022-05-23,000278.03/DJAI.PSE/05/2022,https://pse.kominfo.go.id/storage/images/qr_code/fded7cccfae01e02c0d92b083e76fb3d.png,TERDAFTAR,4065
280,4065,tdpseTerbit,,BIOMARK DOCTOR PLATFORM,biomarking.com,Sektor Kesehatan,BIOMARK PTE LTD,2022-05-23,000278.02/DJAI.PSE/05/2022,https://pse.kominfo.go.id/storage/images/qr_code/197ff3ea4e6a24ff153dc9e4dd718831.png,TERDAFTAR,4064
281,4064,tdpseTerbit,,BIOMARK LABORATORY PLATFORM,biomarking.com,Sektor Kesehatan,BIOMARK PTE LTD,2022-05-23,000278.01/DJAI.PSE/05/2022,https://pse.kominfo.go.id/storage/images/qr_code/40fc9f0f6c3d9b717b7755af0d7af802.png,TERDAFTAR,4063
282,4063,tdpseTerbit,,BIOMARK LABORATORY PLATFORM,biomarking.com,Sektor Kesehatan,BIOMARK PTE LTD,2022-05-23,000277.03/DJAI.PSE/05/2022,https://pse.kominfo.go.id/storage/images/qr_code/4cb0c58108bd3460c82138c77b541b7f.png,TERDAFTAR,4062
283,4062,tdpseTerbit,,BIOMARK MOBILE APPLICATION,biomarking.com,Sektor Kesehatan,BIOMARK PTE LTD,2022-05-23,000277.02/DJAI.PSE/05/2022,https://pse.kominfo.go.id/storage/images/qr_code/50c4208b893cfe419038c6b416ecb65e.png,TERDAFTAR,4061
284,4061,tdpseTerbit,,BIOMARK DOCTOR PLATFORM,biomarking.com,Sektor Kesehatan,BIOMARK PTE LTD,2022-05-23,000277.01/DJAI.PSE/05/2022,https://pse.kominfo.go.id/storage/images/qr_code/88d624d0e8127ace3b1fee6123bffc94.png,TERDAFTAR,4060
285,4060,tdpseTerbit,,OMEGA: LAYANAN TAKSI,taxiomega.id,Sektor Transportasi,GLOBAL SERVICE OMEGA L.L.C-FZ,2022-05-23,000276.01/DJAI.PSE/05/2022,https://pse.kominfo.go.id/storage/images/qr_code/989e8840b834c204e44d8bdeea10394d.png,TERDAFTAR,4059
286,4056,tdpseTerbit,,SWIFT SERVICE BUREAU,bottomline.com/apac,Sektor Teknologi Informasi dan Komunikasi,BOTTOMLINE TECHNOLOGIES PTE. LTD.,2022-05-23,000274.01/DJAI.PSE/05/2022,https://pse.kominfo.go.id/storage/images/qr_code/480afc81483b46d05c2d69066680cdb8.png,TERDAFTAR,4055
287,4055,tdpseTerbit,,LIVEWELL APP AND WEB PORTAL,livewell-portal.zurich.com,Sektor Kesehatan,Zurich LiveWell Services and Solutions Ltd.,2022-05-23,000273.01/DJAI.PSE/05/2022,https://pse.kominfo.go.id/storage/images/qr_code/6978494cb7ff055a21f95ac8ec64ecd6.png,TERDAFTAR,4054
